CREATE DATABASE  IF NOT EXISTS `dw-2205-team4_shrunkendimension` /*!40100 DEFAULT CHARACTER SET utf8 */;
USE `dw-2205-team4_shrunkendimension`;

-- MySQL dump 10.13  Distrib 8.0.23, for Win64 (x86_64)
--
-- Host: 127.0.0.1    Database: dw-2205-team4_shrunkendimension
-- ------------------------------------------------------
-- Server version	8.0.23

/*!40101 SET @OLD_CHARACTER_SET_CLIENT=@@CHARACTER_SET_CLIENT */;
/*!40101 SET @OLD_CHARACTER_SET_RESULTS=@@CHARACTER_SET_RESULTS */;
/*!40101 SET @OLD_COLLATION_CONNECTION=@@COLLATION_CONNECTION */;
/*!50503 SET NAMES utf8 */;
/*!40103 SET @OLD_TIME_ZONE=@@TIME_ZONE */;
/*!40103 SET TIME_ZONE='+00:00' */;
/*!40014 SET @OLD_UNIQUE_CHECKS=@@UNIQUE_CHECKS, UNIQUE_CHECKS=0 */;
/*!40014 SET @OLD_FOREIGN_KEY_CHECKS=@@FOREIGN_KEY_CHECKS, FOREIGN_KEY_CHECKS=0 */;
/*!40101 SET @OLD_SQL_MODE=@@SQL_MODE, SQL_MODE='NO_AUTO_VALUE_ON_ZERO' */;
/*!40111 SET @OLD_SQL_NOTES=@@SQL_NOTES, SQL_NOTES=0 */;

--
-- Table structure for table `customer_dim`
--

DROP TABLE IF EXISTS `customer_dim`;
/*!40101 SET @saved_cs_client     = @@character_set_client */;
/*!50503 SET character_set_client = utf8mb4 */;
CREATE TABLE `customer_dim` (
  `Customer_SK` int NOT NULL,
  `Customer_ID(NK)` int DEFAULT NULL,
  `Customer_Name` varchar(45) DEFAULT NULL,
  `Customer_Address1` varchar(45) DEFAULT NULL,
  `Customer_Address2` varchar(45) DEFAULT NULL,
  `Customer_City` varchar(45) DEFAULT NULL,
  `Customer_State` char(2) DEFAULT NULL,
  `Customer_Zip` varchar(5) DEFAULT NULL,
  `Customer_Type_ID` char(1) DEFAULT NULL,
  `Customer_Type_Name` varchar(45) DEFAULT NULL,
  `Customer_Division` varchar(45) DEFAULT NULL,
  PRIMARY KEY (`Customer_SK`)
) ENGINE=InnoDB DEFAULT CHARSET=utf8;
/*!40101 SET character_set_client = @saved_cs_client */;

--
-- Dumping data for table `customer_dim`
--

LOCK TABLES `customer_dim` WRITE;
/*!40000 ALTER TABLE `customer_dim` DISABLE KEYS */;
INSERT INTO `customer_dim` VALUES (0,NULL,NULL,NULL,NULL,NULL,NULL,NULL,NULL,NULL,NULL),(5000,35,'Ann Lee                                      ','3845 Nunc Road            ',NULL,'Merizo          ','GA','10764','F','US Govt','PEC'),(5001,39,'Ashton Washington','7726 Donec Road',NULL,'Vallejo','MA','01999','E','Education','TPCW'),(5002,25,'Atkins                                       ','4607 Risus Road           ',NULL,'Waukegan        ','NC','43147','S','State/Local Gov','PEC'),(5003,4,'Austin Burns','2041 Venenatis Avenue',NULL,'Alexandria','DC','34440','E','Education','TPCW'),(5004,6,'Austin Ferrell','8666 Justo Road',NULL,'Pullman','PA','55979','C','Commercial','TPCW'),(5005,11,'Austin Ferrell                               ','8666 Justo Road           ',NULL,'Pullman         ','PA','55979','C','Commercial','PEC'),(5006,3,'Baxter May                                   ','796-2366 Vel Avenue       ',NULL,'Meriden         ','FL','58328','C','Commercial','PEC'),(5007,11,'Beasley','7800 Nec Road',NULL,'Idabel','MA','57132','C','Commercial','TPCW'),(5008,3,'Beckman Coulter Incorporated                 ','5841 Pervades Drive                          ',NULL,'Fairfax             ','VA','22035','E','Education           ','TPCE'),(5009,1,'Beverly Equipment','7581 Quisque Street',NULL,'Bloomington','HI','88440','S','State/Local Gov','TPCW'),(5010,37,'Beverly Equipment                            ','7581 Quisque Street       ',NULL,'Bloomington     ','HI','88440','S','State/Local Gov','PEC'),(5011,38,'Blevins','2571 Donec Avenue',NULL,'Winooski','SD','65512','C','Commercial','TPCW'),(5012,29,'Blevins                                      ','2571 Donec Avenue         ',NULL,'Winooski        ','SD','65512','C','Commercial','PEC'),(5013,10,'Byron Chemicals','6831 Donec Street',NULL,'Salt Lake City','IN','41050','C','Commercial','TPCW'),(5014,12,'Cain                                         ','1116 Augue Street         ',NULL,'Warwick         ','DC','38450','S','State/Local Gov','PEC'),(5015,17,'Camera Platforms International Incorporated','5347 Deposed Street',NULL,'Houston','TX','77244','S','State/Local Gov','TPCW'),(5016,19,'Camera Platforms International Incorporated  ','5347 Deposed Street                          ',NULL,'Houston             ','TX','77244','S','State/Local Gov     ','TPCE'),(5017,24,'Chantale-Huffman Incorporated','2761 Infinity Street',NULL,'New Iberia','NH','65327','S','State/Local Gov','TPCW'),(5018,36,'Charity Incorporated','3254 Hendrerit Avenue',NULL,'Effingham','WY','27502','E','Education','TPCW'),(5019,23,'Chemfix Technologies Incorporated',' 11533 Wonderingly Drive','Suite 50','Pasadena Hills','MO','63121','S','State/Local Gov','TPCW'),(5020,22,'Chemfix Technologies Incorporated            ','11533 Wonderingly Drive                      ','Suite 50','Pasadena Hills      ','MO','63121','S','State/Local Gov     ','TPCE'),(5021,27,'Clare Baird                                  ','6152 Auctor Road          ',NULL,'Wilson          ','MS','29338','C','Commercial','PEC'),(5022,2,'Clio-Hutchinson','1257 Ac Avenue',NULL,'Butler','SC','82126','S','State/Local Gov','TPCW'),(5023,12,'Cohesant Technologies Incorporated           ','3334 Eggshell Circle                         ','Dept #690','Oakley              ','SC','29461','F','US Govt             ','TPCE'),(5024,15,'Colton Maldonado                             ','1869 Leo Road             ',NULL,'Cedar Rapids    ','SD','97640','C','Commercial','PEC'),(5025,18,'Cross','6605 Rhoncus Avenue',NULL,'Hopkinsville','NH','25620','F','US Govt','TPCW'),(5026,23,'Cross                                        ','112 In Road               ',NULL,'Opelousas       ','GA','43882','F','US Govt','PEC'),(5027,26,'Dakota Mills                                 ','7442 Amet Avenue          ',NULL,'Syracuse        ','DE','56656','F','US Govt','PEC'),(5028,34,'Emerson Electric Company                     ','1792 Squash Drive                            ',NULL,'South Texarkana     ','TX','75501','E','Education           ','TPCE'),(5029,19,'Emerson Electric Company                     ','1792 Squash Drive         ',NULL,'South Texarkana ','TX','75501','E','Education','PEC'),(5030,27,'Emerson Electric Corporation','1792 Squash Drive',NULL,'South Texarkana','TX','75501','E','Education','TPCW'),(5031,7,'Fedders Corporation                          ','3311 Blatantly Circle                        ','Dept #520','Santa Fe Springs    ','CA','90670','E','Education           ','TPCE'),(5032,35,'Ferdinand Supply','6979 Quis Street',NULL,'Nome','DE','58359','F','US Govt','TPCW'),(5033,32,'Ferengi Treasures                            ','716-6837 Vulputate Avenue ',NULL,'Paramount       ','NY','35644','C','Commercial','PEC'),(5034,6,'Fidelity National Corporation Ga             ','11455 Sheaf Drive                            ','Dept #915','Anthony             ','FL','32617','S','State/Local Gov     ','TPCE'),(5035,19,'Firstfed America Bancorp Incorporated','5656 Settler Street',NULL,'Ward Prairie','TX','75840','E','Education','TPCW'),(5036,26,'Firstfed America Bancorp Incorporated        ','5656 Settler Street                          ','Dept #851','Ward Prairie        ','TX','75840','E','Education           ','TPCE'),(5037,38,'Firstfed America Bancorp Incorporated        ','5656 Settler Street       ',NULL,'Ward Prairie    ','TX','75840','E','Education','PEC'),(5038,31,'Fuentes Incorporated','7063 Phasellus Road',NULL,'Compton','WV','68519','F','US Govt','TPCW'),(5039,25,'Garrison Works','3801 Lacus Road',NULL,'Reno','WV','46307','E','Education','TPCW'),(5040,8,'Gemma Castro                                 ','9101 Duis Street          ',NULL,'Passaic         ','VT','40926','F','US Govt','PEC'),(5041,29,'Genevieve Day','284-1916 Ac Street',NULL,'Troy','IN','68914','E','Education','TPCW'),(5042,16,'Googol                                       ','5453 Dictum Avenue        ',NULL,'Jenks           ','LA','96393','C','Commercial','PEC'),(5043,32,'Greenman Technologies Incorporated           ','4910 Liveried Boulevard                      ',NULL,'Dabney              ','IN','47023','F','US Govt             ','TPCE'),(5044,40,'Gte Corporation',' 7196 Heaver Lane','Dept #555','Winter Garden','FL','34777','S','State/Local Gov','TPCW'),(5045,28,'Gte Corporation                              ','7196 Heaver Lane                             ','Dept #532','Winter Garden       ','FL','34777','S','State/Local Gov     ','TPCE'),(5046,10,'Hammett Farley                               ','1668 In Street            ',NULL,'Yonkers         ','AK','18651','S','State/Local Gov','PEC'),(5047,1,'Haynes                                       ','2920 Auctor Road          ',NULL,'Moraga          ','AZ','70314','E','Education','PEC'),(5048,24,'Helpmate Robotics Incorporated               ','9711 Writers Turnpike                        ','Suite 213','Saint Cloud         ','WI','53079','E','Education           ','TPCE'),(5049,36,'Hickory Tech Corporation                     ','11119 Periphery Turnpike                     ','Dept #633','Simpson             ','LA','71474','F','US Govt             ','TPCE'),(5050,7,'Hop Adams','704 Nisl Road',NULL,'Sun Valley','NH','84458','E','Education','TPCW'),(5051,21,'Hop Adams                                    ','704 Nisl Road             ',NULL,'Sun Valley      ','NH','84458','E','Education','PEC'),(5052,33,'India-Stuart','1973 At Avenue',NULL,'Cudahy','CA','76482','F','US Govt','TPCW'),(5053,35,'Integra -- A Hotel & Restaurant Company      ','5222 Blazed Street                           ','Dept #822','Parsons             ','TN','38363','F','US Govt             ','TPCE'),(5054,13,'Knight                                       ','765 Eget Avenue           ',NULL,'Eureka          ','FL','57500','F','US Govt','PEC'),(5055,30,'Knox Reid                                    ','500 Eu Avenue             ',NULL,'Pass Christian  ','WY','35949','C','Commercial','PEC'),(5056,36,'Kuame Barnes                                 ','8757 Tincidunt Road       ',NULL,'Lahaina         ','RI','60529','F','US Govt','PEC'),(5057,20,'Labor Ready Incorporated                     ','4618 Days Drive                              ','Dept #759','Waterville          ','WA','98858','F','US Govt             ','TPCE'),(5058,25,'Liberty Homes Incorporated                   ','3051 Bumblers Lane                           ',NULL,'Medon               ','TN','38356','F','US Govt             ','TPCE'),(5059,23,'Ligand Pharmaceuticals Incorporated          ','8092 Bluest Street                           ',NULL,'Moorcroft           ','WY','82721','F','US Govt             ','TPCE'),(5060,27,'Lnr Property Corporation                     ','9382 Demolition Street                       ',NULL,'College Square      ','IA','50613','F','US Govt             ','TPCE'),(5061,4,'Magainin Pharmaceuticals Incorporated        ','9138 Planetesimal Lane                       ','Dept #332','Twining             ','MI','48766','F','US Govt             ','TPCE'),(5062,17,'Mallory Lynch                                ','974 Nisl Road             ',NULL,'Washington      ','ME','15623','F','US Govt','PEC'),(5063,7,'Martin Donaldson                             ','2704 At Road              ',NULL,'Gardner         ','GA','31421','E','Education','PEC'),(5064,16,'Martinez Disposables','5331 Nunc Avenue',NULL,'Tucson','DC','79991','F','US Govt','TPCW'),(5065,24,'Martinez Disposables                         ','5331 Nunc Avenue          ',NULL,'Tucson          ','DC','79991','F','US Govt','PEC'),(5066,4,'Maya Brewer                                  ','6836 At Road   ','PO Box 825','Union City      ','ND','82051','S','State/Local Gov','PEC'),(5067,18,'Melvin House                                 ','8371 Nullam Road          ',NULL,'Isle of Palms   ','ME','89644','E','Education','PEC'),(5068,32,'Mendoza Chem','4826 Urna Avenue',NULL,'Everett','MD','87048','C','Commercial','TPCW'),(5069,9,'Meridian Resources Corporation','1977 Symbiotic Turnpike','Dept #805','Fall River','MA','02724','C','Commercial','TPCW'),(5070,16,'Meridian Resources Corporation               ','1977 Symbiotic Turnpike                      ','Dept #804','Fall River          ','MA','02724','C','Commercial          ','TPCE'),(5071,15,'Merritt Long','3072 Cursus Avenue','Suite 30','West Haven','WY','83709','C','Commercial','TPCW'),(5072,2,'Motts Holdings Incorporated                  ','1618 Greenland Street                        ',NULL,'Tallahassee         ','FL','32304','E','Education           ','TPCE'),(5073,8,'Mullins Incorporated','4009 Ornare Road',NULL,'Birmingham','NE','59509','S','State/Local Gov','TPCW'),(5074,5,'Mullins Incorporated                         ','4009 Ornare Road          ',NULL,'Birmingham      ','NE','59509','S','State/Local Gov','PEC'),(5075,14,'Newcor Incorporated                          ','8717 Involve Drive                           ','Suite 401','Homer               ','MI','49245','S','State/Local Gov     ','TPCE'),(5076,28,'Oleg Jones','5491 Nec Road',NULL,'Moraga','NE','82394','C','Commercial','TPCW'),(5077,20,'Pewter Gym                                   ','9028 Non Street           ',NULL,'Sandy           ','FL','87202','C','Commercial','PEC'),(5078,33,'Polymer Group Incorporated                   ','11368 Harder Drive                           ','Suite 204','Maidstone           ','VT','05905','C','Commercial          ','TPCE'),(5079,20,'Price Rivers','2853 Aenean Avenue',NULL,'Sault Ste. Marie','MS','59316','S','State/Local Gov','TPCW'),(5080,39,'Pricellular Corporation                      ','10947 Eagle Street                           ','Dept #5','Lisbon Falls        ','ME','04252','C','Commercial          ','TPCE'),(5081,12,'Processing Equipment Corporation','29843 Klingon Road',NULL,'Naperville','IL','60563','C','Commercial','TPCW'),(5082,40,'Processing Equipment Corporation             ','29843 Klingon Road                           ','Dept #2','Naperville          ','IL','60563','C','Commercial          ','TPCE'),(5083,13,'Publishing Co Of North America Incorporated  ','978 Degrees Street                           ','Suite 518','Heron Bay           ','AL','36523','S','State/Local Gov     ','TPCE'),(5084,34,'Pulitzer Publishing Company','126 Pathological Circle',NULL,'Woodbury','NY','11797','S','State/Local Gov','TPCW'),(5085,30,'Pulitzer Publishing Company                  ','126 Pathological Circle                      ','Suite 277','Woodbury            ','NY','11797','S','State/Local Gov     ','TPCE'),(5086,6,'Raphael Allison                              ','734-2598 Sed Avenue       ',NULL,'La Crosse       ','HI','58702','C','Commercial','PEC'),(5087,37,'Ronan French','8773 Feugiat Road',NULL,'Gary','WA','17387','E','Education','TPCW'),(5088,39,'Ronan French                                 ','8773 Feugiat Road         ',NULL,'Gary            ','WA','17387','E','Education','PEC'),(5089,1,'Room Plus Incorporated                       ','6037 Ecuadorian Street                       ','Suite 836','Clinton             ','MI','49236','C','Commercial          ','TPCE'),(5090,26,'Ruby Petty','3142 Congue Street',NULL,'Chicago','IL','76404','S','State/Local Gov','TPCW'),(5091,2,'Rudyard-Knapp                                ','9261 Nulla Street         ',NULL,'Sault Ste. Marie','LA','94298','S','State/Local Gov','PEC'),(5092,5,'Saint Andrews Golf Corporation','8068 Substances Street',NULL,'North Miami','FL','33261','F','US Govt','TPCW'),(5093,10,'Saint Andrews Golf Corporation               ','8068 Substances Street                       ',NULL,'North Miami         ','FL','33261','F','US Govt             ','TPCE'),(5094,22,'Santiago Processing','4565 Tempor Avenue',NULL,'Hanahan','AK','15743','S','State/Local Gov','TPCW'),(5095,21,'Santos LLC','9130 Fames Road',NULL,'Billings','IN','12869','C','Commercial','TPCW'),(5096,28,'Schultz Learning                             ','8542 Quis Street          ',NULL,'Spartanburg     ','ND','73217','E','Education','PEC'),(5097,18,'Scp Pool Corporation                         ','755 Leek Street                              ','Suite 251','Enid                ','OK','73706','F','US Govt             ','TPCE'),(5098,38,'Seattle Filmworks Incorporated               ','4958 Dietitian Street                        ',NULL,'Davis               ','MO','63379','F','US Govt             ','TPCE'),(5099,14,'Serrano                                      ','7212 Eleifend Street      ',NULL,'Princeton       ','KY','66785','C','Commercial','PEC'),(5100,30,'Setron','3085 Breakthrough Drive','Dept #80','Hart','MO','64865','S','State/Local Gov','TPCW'),(5101,31,'Setron                                       ','3085 Breakthrough Drive                      ','Dept #80','Hart                ','MO','64865','S','State/Local Gov     ','TPCE'),(5102,21,'Shaw Brothers                                ','2567 Cardinal Drive                          ','Suite 371','Whiskey Flats       ','NV','89415','S','State/Local Gov     ','TPCE'),(5103,0,'Specialty Teleconstructors Incorporated      ','1570 Hordes Drive                            ',NULL,'Columbia            ','SC','29260','F','US Govt             ','TPCE'),(5104,31,'Starfleet Academy                            ','3061 Donec Avenue         ',NULL,'Canandaigua     ','UT','75963','E','Education','PEC'),(5105,5,'Sterling Financial Corporation Washington    ','7258 Meriting Avenue                         ','Dept #505','Portland            ','OR','97201','E','Education           ','TPCE'),(5106,11,'Synaptic Pharmaceutical Corporation          ','8072 Powerless Street                        ',NULL,'Bridgeport          ','IL','62417','C','Commercial          ','TPCE'),(5107,33,'Tallulah                                     ','3376 Aliquet Street       ',NULL,'Batavia         ','NM','50742','C','Commercial','PEC'),(5108,37,'Televideo Incorporated                       ','939 Publishers Turnpike                      ','Dept #793','Fort Hood           ','TX','76544','E','Education           ','TPCE'),(5109,14,'The Final Frontier','528 Curabitur Road',NULL,'Biddeford','MO','39683','S','State/Local Gov','TPCW'),(5110,9,'The Product Company (East)                   ','20021 Barnes Road         ',NULL,'Stratford       ','NY','13470','C','Commercial','PEC'),(5111,34,'The Product Company (West)                   ','21 E BullaRoad Avenue     ',NULL,'Fresno          ','CA','93710','C','Commercial','PEC'),(5112,8,'United Healthcare Corporation                ','675 Hordes Turnpike                          ','Dept #855','Malaga              ','NM','88263','E','Education           ','TPCE'),(5113,29,'Usx-steel Group Incorporated                 ','7120 Whimsically Turnpike                    ',NULL,'Olympia             ','WA','98501','S','State/Local Gov     ','TPCE'),(5114,17,'V.e.v. Sa                                    ','7079 Aspect Circle                           ',NULL,'Ross Siding         ','PA','17723','F','US Govt             ','TPCE'),(5115,22,'Xavier Harmon                                ','2285 Ante Street          ',NULL,'Farmington      ','WV','16456','E','Education','PEC'),(5116,3,'YuliChem','6440 Amet Street',NULL,'Laguna Woods','KY','53141','C','Commercial','TPCW'),(5117,13,'Zena Machines','1277 Hendrerit Avenue',NULL,'San Juan','WA','07066','S','State/Local Gov','TPCW'),(5118,40,'Zena Machines                                ','1277 Hendrerit Avenue     ',NULL,'San Juan        ','WA','07066','S','State/Local Gov','PEC');
/*!40000 ALTER TABLE `customer_dim` ENABLE KEYS */;
UNLOCK TABLES;

--
-- Table structure for table `product_dim`
--

DROP TABLE IF EXISTS `product_dim`;
/*!40101 SET @saved_cs_client     = @@character_set_client */;
/*!50503 SET character_set_client = utf8mb4 */;
CREATE TABLE `product_dim` (
  `Product_SK` int NOT NULL,
  `Product_ID(NK)` int DEFAULT NULL,
  `Product_Description` varchar(45) DEFAULT NULL,
  `Price1` decimal(10,2) DEFAULT NULL,
  `Price2` decimal(10,2) DEFAULT NULL,
  `Unit_Cost` decimal(10,2) DEFAULT NULL,
  `ProductType_ID` varchar(45) DEFAULT NULL,
  `ProductType_Description` varchar(45) DEFAULT NULL,
  `BUID` varchar(45) DEFAULT NULL,
  `Business_Name` varchar(45) DEFAULT NULL,
  `Business_Unit_Abbreviation` varchar(45) DEFAULT NULL,
  `Supplier_Name` varchar(45) DEFAULT NULL,
  `Supplier_Address` varchar(45) DEFAULT NULL,
  `Supplier_State` varchar(45) DEFAULT NULL,
  `Supplier_Zip` varchar(45) DEFAULT NULL,
  `Product_Division` varchar(45) DEFAULT NULL,
  PRIMARY KEY (`Product_SK`)
) ENGINE=InnoDB DEFAULT CHARSET=utf8;
/*!40101 SET character_set_client = @saved_cs_client */;

--
-- Dumping data for table `product_dim`
--

LOCK TABLES `product_dim` WRITE;
/*!40000 ALTER TABLE `product_dim` DISABLE KEYS */;
INSERT INTO `product_dim` VALUES (0,NULL,NULL,NULL,NULL,NULL,NULL,NULL,NULL,NULL,NULL,NULL,NULL,NULL,NULL,NULL),(5000,1,'Enumerator Polishing Equipment       ',164.97,142.53,120.00,'3','Polishing Equipment','A   ','Processing Equipment','Equipment',NULL,NULL,NULL,NULL,'PEC'),(5001,2,'Planetesimal Manufacturing Equipment ',347.28,307.00,250.00,'2','Manufacturing Equipment','A   ','Processing Equipment','Equipment',NULL,NULL,NULL,NULL,'PEC'),(5002,3,'Tailor Jacks                         ',509.78,429.74,399.66,'15','Jacks','D   ','Miscellaneous','Misc','TPC West',NULL,NULL,NULL,'PEC'),(5003,4,'Miniaturizing Manufacturing Equipment',456.24,379.59,325.00,'2','Manufacturing Equipment','A   ','Processing Equipment','Equipment',NULL,NULL,NULL,NULL,'PEC'),(5004,5,'Flake Photo Equipment                ',232.26,204.39,170.00,'1','Photo Equipment','A   ','Processing Equipment','Equipment',NULL,NULL,NULL,NULL,'PEC'),(5005,6,'Denigrating Polishing Equipment      ',565.95,454.46,402.00,'3','Polishing Equipment','A   ','Processing Equipment','Equipment',NULL,NULL,NULL,NULL,'PEC'),(5006,7,'Bandage Manufacturing Equipment      ',298.00,267.01,234.00,'2','Manufacturing Equipment','A   ','Processing Equipment','Equipment',NULL,NULL,NULL,NULL,'PEC'),(5007,8,'Chalmers Polishing Equipment         ',289.17,242.61,215.00,'3','Polishing Equipment','A   ','Processing Equipment','Equipment',NULL,NULL,NULL,NULL,'PEC'),(5008,9,'Defeated Tray Supplies               ',559.74,476.90,448.29,'8','Tray Supplies','B   ','Disposable Supplies','Supplies','TPC West',NULL,NULL,NULL,'PEC'),(5009,10,'Chartable Photo Equipment            ',410.17,347.41,295.00,'9','Photo Chemicals','C   ','Chemicals','Chemicals',NULL,NULL,NULL,NULL,'PEC'),(5010,11,'Sailors Manufacturing Equipment      ',340.48,290.43,235.00,'2','Manufacturing Equipment','A   ','Processing Equipment','Equipment',NULL,NULL,NULL,NULL,'PEC'),(5011,12,'Chromium Photo Equipment             ',565.50,457.49,326.00,'1','Photo Equipment','A   ','Processing Equipment','Equipment',NULL,NULL,NULL,NULL,'PEC'),(5012,13,'Coward Covers                        ',429.79,348.99,328.05,'13','Covers','D   ','Miscellaneous','Misc','TPC East',NULL,NULL,NULL,'PEC'),(5013,14,'Travelings Photo Chemicals           ',274.39,242.01,225.07,'9','Photo Chemicals','C   ','Chemicals','Chemicals','TPC West',NULL,NULL,NULL,'PEC'),(5014,15,'Syntax Polishing Equipment           ',226.72,190.90,123.00,'3','Polishing Equipment','A   ','Processing Equipment','Equipment',NULL,NULL,NULL,NULL,'PEC'),(5015,16,'Insensitivity Manufacturing Equipment',200.71,180.44,117.00,'2','Manufacturing Equipment','A   ','Processing Equipment','Equipment',NULL,NULL,NULL,NULL,'PEC'),(5016,17,'Sortie Covers                        ',248.21,213.21,206.81,'13','Covers','D   ','Miscellaneous','Misc','TPC East',NULL,NULL,NULL,'PEC'),(5017,18,'Allis Polishing Equipment            ',201.77,176.35,112.00,'3','Polishing Equipment','A   ','Processing Equipment','Equipment',NULL,NULL,NULL,NULL,'PEC'),(5018,19,'Habitually Manufacturing Equipment   ',509.30,419.15,354.00,'2','Manufacturing Equipment','A   ','Processing Equipment','Equipment',NULL,NULL,NULL,NULL,'PEC'),(5019,20,'Courthouses Manufacturing Equipment  ',285.62,243.63,182.00,'2','Manufacturing Equipment','A   ','Processing Equipment','Equipment',NULL,NULL,NULL,NULL,'PEC'),(5020,21,'Weeks Polishing Equipment            ',198.83,174.18,151.00,'3','Polishing Equipment','A   ','Processing Equipment','Equipment',NULL,NULL,NULL,NULL,'PEC'),(5021,22,'Extinguisher Manufacturing Equipment ',120.39,98.36,65.00,'2','Manufacturing Equipment','A   ','Processing Equipment','Equipment',NULL,NULL,NULL,NULL,'PEC'),(5022,23,'Occlusion Manufacturing Equipment    ',199.88,177.29,72.00,'2','Manufacturing Equipment','A   ','Processing Equipment','Equipment',NULL,NULL,NULL,NULL,'PEC'),(5023,24,'Loaves Polishing Equipment           ',425.59,361.33,241.00,'3','Polishing Equipment','A   ','Processing Equipment','Equipment',NULL,NULL,NULL,NULL,'PEC'),(5024,25,'Automobiles Fillers                  ',283.83,227.63,218.52,'12','Fillers','D   ','Miscellaneous','Misc','TPC East',NULL,NULL,NULL,'PEC'),(5025,26,'Simulations Photo Equipment          ',318.38,255.66,193.00,'1','Photo Equipment','A   ','Processing Equipment','Equipment',NULL,NULL,NULL,NULL,'PEC'),(5026,27,'Vastest Photo Equipment              ',498.08,442.30,294.00,'1','Photo Equipment','A   ','Processing Equipment','Equipment',NULL,NULL,NULL,NULL,'PEC'),(5027,28,'Palm Polishing Equipment             ',122.39,105.38,87.00,'3','Polishing Equipment','A   ','Processing Equipment','Equipment',NULL,NULL,NULL,NULL,'PEC'),(5028,29,'Millimeters Flushing Chemicals       ',295.56,251.82,241.75,'10','Flushing Chemicals','C   ','Chemicals','Chemicals','TPC East',NULL,NULL,NULL,'PEC'),(5029,30,'Suing Manufacturing Equipment        ',482.16,426.71,329.00,'2','Manufacturing Equipment','A   ','Processing Equipment','Equipment',NULL,NULL,NULL,NULL,'PEC'),(5030,31,'Bellowing Polishing Equipment        ',502.57,451.31,400.00,'3','Polishing Equipment','A   ','Processing Equipment','Equipment',NULL,NULL,NULL,NULL,'PEC'),(5031,32,'Embodying Cleaning Supplies          ',250.91,213.52,207.11,'5','Cleaning Supplies','B   ','Disposable Supplies','Supplies','TPC West',NULL,NULL,NULL,'PEC'),(5032,33,'Pervasively Manufacturing Equipment  ',374.14,334.86,303.00,'2','Manufacturing Equipment','A   ','Processing Equipment','Equipment',NULL,NULL,NULL,NULL,'PEC'),(5033,34,'Septembers Manufacturing Equipment   ',584.33,522.98,217.00,'2','Manufacturing Equipment','A   ','Processing Equipment','Equipment',NULL,NULL,NULL,NULL,'PEC'),(5034,35,'Birthdays Manufacturing Equipment    ',196.56,173.17,115.00,'2','Manufacturing Equipment','A   ','Processing Equipment','Equipment',NULL,NULL,NULL,NULL,'PEC'),(5035,36,'Duplicator Polishing Equipment       ',544.28,465.36,409.00,'3','Polishing Equipment','A   ','Processing Equipment','Equipment',NULL,NULL,NULL,NULL,'PEC'),(5036,37,'Escape Manufacturing Equipment       ',584.38,523.60,463.00,'2','Manufacturing Equipment','A   ','Processing Equipment','Equipment',NULL,NULL,NULL,NULL,'PEC'),(5037,38,'Commendation Fillers                 ',436.33,380.04,364.84,'12','Fillers','D   ','Miscellaneous','Misc','TPC West',NULL,NULL,NULL,'PEC'),(5038,39,'Disallow Manufacturing Equipment     ',165.24,145.91,97.00,'2','Manufacturing Equipment','A   ','Processing Equipment','Equipment',NULL,NULL,NULL,NULL,'PEC'),(5039,40,'Subclasses Polishing Equipment       ',282.51,239.00,210.00,'3','Polishing Equipment','A   ','Processing Equipment','Equipment',NULL,NULL,NULL,NULL,'PEC'),(5040,41,'Sulkiness Covers                     ',354.30,289.82,272.43,'13','Covers','D   ','Miscellaneous','Misc','TPC East',NULL,NULL,NULL,'PEC'),(5041,42,'Concentrators Polishing Equipment    ',584.57,524.94,472.00,'3','Polishing Equipment','A   ','Processing Equipment','Equipment',NULL,NULL,NULL,NULL,'PEC'),(5042,43,'Bomber Photo Equipment               ',461.34,400.44,336.00,'1','Photo Equipment','A   ','Processing Equipment','Equipment',NULL,NULL,NULL,NULL,'PEC'),(5043,20,'Flake Photo Equipment                        ',232.26,204.39,194.17,'1','Photo Equipment          ','A','Processing Equipment     ','Equipment','Sinclair Broadcast Group Incorporated        ','6037 Ecuadorian Street                       ','MI','49236','TPCE'),(5044,77,'Vastest Photo Equipment                      ',498.08,442.30,420.19,'1','Photo Equipment          ','A','Processing Equipment     ','Equipment','Sinclair Broadcast Group Incorporated        ','6037 Ecuadorian Street                       ','MI','49236','TPCE'),(5045,32,'Chartable Photo Equipment                    ',410.17,347.41,312.67,'1','Photo Equipment          ','A','Processing Equipment     ','Equipment','Black Hills Corporation                      ','1618 Greenland Street                        ','FL','32304','TPCE'),(5046,71,'Simulations Photo Equipment                  ',318.38,255.66,245.43,'1','Photo Equipment          ','A','Processing Equipment     ','Equipment','Black Hills Corporation                      ','1618 Greenland Street                        ','FL','32304','TPCE'),(5047,36,'Bomber Photo Equipment                       ',461.34,400.44,380.42,'1','Photo Equipment          ','A','Processing Equipment     ','Equipment','American General Ventures Incorporated       ','1616 Goggles Drive                           ','KS','67579','TPCE'),(5048,35,'Chromium Photo Equipment                     ',565.50,457.49,425.47,'1','Photo Equipment          ','A','Processing Equipment     ','Equipment','Fedders Corporation                          ','7844 Carelessly Drive                        ','WA','98366','TPCE'),(5049,24,'Bandage Manufacturing Equipment              ',298.00,267.01,253.66,'2','Manufacturing Equipment  ','A','Processing Equipment     ','Equipment','Sinclair Broadcast Group Incorporated        ','6037 Ecuadorian Street                       ','MI','49236','TPCE'),(5050,65,'Extinguisher Manufacturing Equipment         ',120.39,98.36,90.49,'2','Manufacturing Equipment  ','A','Processing Equipment     ','Equipment','Sinclair Broadcast Group Incorporated        ','6037 Ecuadorian Street                       ','MI','49236','TPCE'),(5051,60,'Habitually Manufacturing Equipment           ',509.30,419.15,394.00,'2','Manufacturing Equipment  ','A','Processing Equipment     ','Equipment','Black Hills Corporation                      ','1618 Greenland Street                        ','FL','32304','TPCE'),(5052,70,'Escape Manufacturing Equipment               ',584.38,523.60,507.89,'2','Manufacturing Equipment  ','A','Processing Equipment     ','Equipment','Black Hills Corporation                      ','1618 Greenland Street                        ','FL','32304','TPCE'),(5053,34,'Sailors Manufacturing Equipment              ',340.48,290.43,278.81,'2','Manufacturing Equipment  ','A','Processing Equipment     ','Equipment','Dollar General Corporation                   ','3988 Chanced Avenue                          ','PA','17007','TPCE'),(5054,85,'Disallow Manufacturing Equipment             ',165.24,145.91,144.45,'2','Manufacturing Equipment  ','A','Processing Equipment     ','Equipment','Dollar General Corporation                   ','3988 Chanced Avenue                          ','PA','17007','TPCE'),(5055,6,'Planetesimal Manufacturing Equipment         ',347.28,307.00,285.51,'2','Manufacturing Equipment  ','A','Processing Equipment     ','Equipment','First Bancshares Incorporated Mo             ','11885 Aural Turnpike                         ','KY','40253','TPCE'),(5056,40,'Insensitivity Manufacturing Equipment        ',200.71,180.44,169.61,'2','Manufacturing Equipment  ','A','Processing Equipment     ','Equipment','First Bancshares Incorporated Mo             ','11885 Aural Turnpike                         ','KY','40253','TPCE'),(5057,44,'Birthdays Manufacturing Equipment            ',196.56,173.17,161.05,'2','Manufacturing Equipment  ','A','Processing Equipment     ','Equipment','First Bancshares Incorporated Mo             ','11885 Aural Turnpike                         ','KY','40253','TPCE'),(5058,61,'Courthouses Manufacturing Equipment          ',285.62,243.63,231.45,'2','Manufacturing Equipment  ','A','Processing Equipment     ','Equipment','First Bancshares Incorporated Mo             ','11885 Aural Turnpike                         ','KY','40253','TPCE'),(5059,87,'Suing Manufacturing Equipment                ',482.16,426.71,401.11,'2','Manufacturing Equipment  ','A','Processing Equipment     ','Equipment','First Bancshares Incorporated Mo             ','11885 Aural Turnpike                         ','KY','40253','TPCE'),(5060,67,'Occlusion Manufacturing Equipment            ',199.88,177.29,164.88,'2','Manufacturing Equipment  ','A','Processing Equipment     ','Equipment','Afg Industries Incorporated                  ','5377 Cookbook Circle                         ','FL','32967','TPCE'),(5061,18,'Miniaturizing Manufacturing Equipment        ',456.24,379.59,353.02,'2','Manufacturing Equipment  ','A','Processing Equipment     ','Equipment','American General Ventures Incorporated       ','1616 Goggles Drive                           ','KS','67579','TPCE'),(5062,100,'Pervasively Manufacturing Equipment          ',374.14,334.86,308.07,'2','Manufacturing Equipment  ','A','Processing Equipment     ','Equipment','American General Ventures Incorporated       ','1616 Goggles Drive                           ','KS','67579','TPCE'),(5063,8,'Septembers Manufacturing Equipment           ',584.33,522.98,517.75,'2','Manufacturing Equipment  ','A','Processing Equipment     ','Equipment','Fedders Corporation                          ','7844 Carelessly Drive                        ','WA','98366','TPCE'),(5064,81,'Palm Polishing Equipment                     ',122.39,105.38,103.27,'3','Polishing Equipment      ','A','Processing Equipment     ','Equipment','Black Hills Corporation                      ','1618 Greenland Street                        ','FL','32304','TPCE'),(5065,37,'Concentrators Polishing Equipment            ',584.57,524.94,482.94,'3','Polishing Equipment      ','A','Processing Equipment     ','Equipment','Immunex Corporation                          ','5841 Pervades Drive                          ','VA','22035','TPCE'),(5066,38,'Syntax Polishing Equipment                   ',226.72,190.90,177.54,'3','Polishing Equipment      ','A','Processing Equipment     ','Equipment','Dollar General Corporation                   ','3988 Chanced Avenue                          ','PA','17007','TPCE'),(5067,21,'Denigrating Polishing Equipment              ',565.95,454.46,427.19,'3','Polishing Equipment      ','A','Processing Equipment     ','Equipment','First Bancshares Incorporated Mo             ','11885 Aural Turnpike                         ','KY','40253','TPCE'),(5068,93,'Bellowing Polishing Equipment                ',502.57,451.31,446.80,'3','Polishing Equipment      ','A','Processing Equipment     ','Equipment','First Bancshares Incorporated Mo             ','11885 Aural Turnpike                         ','KY','40253','TPCE'),(5069,63,'Weeks Polishing Equipment                    ',198.83,174.18,168.95,'3','Polishing Equipment      ','A','Processing Equipment     ','Equipment','Afg Industries Incorporated                  ','5377 Cookbook Circle                         ','FL','32967','TPCE'),(5070,68,'Loaves Polishing Equipment                   ',425.59,361.33,354.10,'3','Polishing Equipment      ','A','Processing Equipment     ','Equipment','Afg Industries Incorporated                  ','5377 Cookbook Circle                         ','FL','32967','TPCE'),(5071,95,'Duplicator Polishing Equipment               ',544.28,465.36,432.78,'3','Polishing Equipment      ','A','Processing Equipment     ','Equipment','Afg Industries Incorporated                  ','5377 Cookbook Circle                         ','FL','32967','TPCE'),(5072,1,'Enumerator Polishing Equipment               ',164.97,142.53,135.40,'3','Polishing Equipment      ','A','Processing Equipment     ','Equipment','American General Ventures Incorporated       ','1616 Goggles Drive                           ','KS','67579','TPCE'),(5073,25,'Chalmers Polishing Equipment                 ',289.17,242.61,223.20,'3','Polishing Equipment      ','A','Processing Equipment     ','Equipment','American General Ventures Incorporated       ','1616 Goggles Drive                           ','KS','67579','TPCE'),(5074,56,'Allis Polishing Equipment                    ',201.77,176.35,160.48,'3','Polishing Equipment      ','A','Processing Equipment     ','Equipment','American General Ventures Incorporated       ','1616 Goggles Drive                           ','KS','67579','TPCE'),(5075,26,'Subclasses Polishing Equipment               ',282.51,239.00,236.61,'3','Polishing Equipment      ','A','Processing Equipment     ','Equipment','Saurer Gruppe Holding Agency                 ','3727 Elms Drive                              ','MN','55077','TPCE'),(5076,86,'Soya Cleaning Supplies                       ',406.93,345.89,345.89,'5','Cleaning Supplies        ','B','Disposable Supplies      ','Supplies','Specialty Teleconstructors Incorporated      ','2161 Chalmers Street                         ','CA','93905','TPCE'),(5077,48,'Patriarchal Cleaning Supplies                ',351.54,284.75,264.82,'5','Cleaning Supplies        ','B','Disposable Supplies      ','Supplies','Sinclair Broadcast Group Incorporated        ','6037 Ecuadorian Street                       ','MI','49236','TPCE'),(5078,96,'Drafty Cleaning Supplies                     ',107.13,92.67,88.96,'5','Cleaning Supplies        ','B','Disposable Supplies      ','Supplies','Black Hills Corporation                      ','1618 Greenland Street                        ','FL','32304','TPCE'),(5079,4,'Embodying Cleaning Supplies                  ',250.91,213.52,207.11,'5','Cleaning Supplies        ','B','Disposable Supplies      ','Supplies','Immunex Corporation                          ','5841 Pervades Drive                          ','VA','22035','TPCE'),(5080,90,'Curiouser Cleaning Supplies                  ',419.36,364.42,338.91,'5','Cleaning Supplies        ','B','Disposable Supplies      ','Supplies','Dollar General Corporation                   ','3988 Chanced Avenue                          ','PA','17007','TPCE'),(5081,17,'Optima Cleaning Supplies                     ',288.41,255.53,242.75,'5','Cleaning Supplies        ','B','Disposable Supplies      ','Supplies','American General Ventures Incorporated       ','1616 Goggles Drive                           ','KS','67579','TPCE'),(5082,50,'Restarts Paper Supplies                      ',524.38,448.34,425.92,'6','Paper Supplies           ','B','Disposable Supplies      ','Supplies','Specialty Teleconstructors Incorporated      ','2161 Chalmers Street                         ','CA','93905','TPCE'),(5083,97,'Stickiest Paper Supplies                     ',575.92,502.78,467.59,'6','Paper Supplies           ','B','Disposable Supplies      ','Supplies','Black Hills Corporation                      ','1618 Greenland Street                        ','FL','32304','TPCE'),(5084,46,'Distantly Paper Supplies                     ',518.49,436.05,418.61,'6','Paper Supplies           ','B','Disposable Supplies      ','Supplies','First Bancshares Incorporated Mo             ','11885 Aural Turnpike                         ','KY','40253','TPCE'),(5085,84,'Unjust Paper Supplies                        ',222.48,182.21,176.74,'6','Paper Supplies           ','B','Disposable Supplies      ','Supplies','Afg Industries Incorporated                  ','5377 Cookbook Circle                         ','FL','32967','TPCE'),(5086,89,'Travel Paper Supplies                        ',129.85,108.81,103.37,'6','Paper Supplies           ','B','Disposable Supplies      ','Supplies','Saurer Gruppe Holding Agency                 ','3727 Elms Drive                              ','MN','55077','TPCE'),(5087,91,'Scribble Plastic Supplies                    ',492.40,405.74,397.63,'7','Plastic Supplies         ','B','Disposable Supplies      ','Supplies','Specialty Teleconstructors Incorporated      ','2161 Chalmers Street                         ','CA','93905','TPCE'),(5088,79,'Siena Plastic Supplies                       ',155.03,136.43,132.34,'7','Plastic Supplies         ','B','Disposable Supplies      ','Supplies','Black Hills Corporation                      ','1618 Greenland Street                        ','FL','32304','TPCE'),(5089,55,'Bumblers Plastic Supplies                    ',545.31,466.24,447.59,'7','Plastic Supplies         ','B','Disposable Supplies      ','Supplies','First Bancshares Incorporated Mo             ','11885 Aural Turnpike                         ','KY','40253','TPCE'),(5090,39,'Overlays Plastic Supplies                    ',301.08,254.41,241.69,'7','Plastic Supplies         ','B','Disposable Supplies      ','Supplies','Afg Industries Incorporated                  ','5377 Cookbook Circle                         ','FL','32967','TPCE'),(5091,59,'Tonnage Plastic Supplies                     ',368.75,315.65,309.34,'7','Plastic Supplies         ','B','Disposable Supplies      ','Supplies','Afg Industries Incorporated                  ','5377 Cookbook Circle                         ','FL','32967','TPCE'),(5092,58,'Characterization Plastic Supplies            ',231.68,185.58,168.88,'7','Plastic Supplies         ','B','Disposable Supplies      ','Supplies','Fedders Corporation                          ','7844 Carelessly Drive                        ','WA','98366','TPCE'),(5093,80,'Temporally Plastic Supplies                  ',477.53,408.29,371.54,'7','Plastic Supplies         ','B','Disposable Supplies      ','Supplies','Fedders Corporation                          ','7844 Carelessly Drive                        ','WA','98366','TPCE'),(5094,27,'Pinnings Plastic Supplies                    ',337.17,302.44,287.32,'7','Plastic Supplies         ','B','Disposable Supplies      ','Supplies','Saurer Gruppe Holding Agency                 ','3727 Elms Drive                              ','MN','55077','TPCE'),(5095,57,'South Tray Supplies                          ',241.30,205.10,203.05,'8','Tray Supplies            ','B','Disposable Supplies      ','Supplies','Sinclair Broadcast Group Incorporated        ','6037 Ecuadorian Street                       ','MI','49236','TPCE'),(5096,69,'Hits Tray Supplies                           ',439.53,359.10,341.14,'8','Tray Supplies            ','B','Disposable Supplies      ','Supplies','Black Hills Corporation                      ','1618 Greenland Street                        ','FL','32304','TPCE'),(5097,23,'Decided Tray Supplies                        ',233.30,202.27,198.22,'8','Tray Supplies            ','B','Disposable Supplies      ','Supplies','Dollar General Corporation                   ','3988 Chanced Avenue                          ','PA','17007','TPCE'),(5098,33,'Consumable Tray Supplies                     ',395.70,347.42,337.00,'8','Tray Supplies            ','B','Disposable Supplies      ','Supplies','First Bancshares Incorporated Mo             ','11885 Aural Turnpike                         ','KY','40253','TPCE'),(5099,92,'Behind Tray Supplies                         ',166.65,138.99,129.26,'8','Tray Supplies            ','B','Disposable Supplies      ','Supplies','Afg Industries Incorporated                  ','5377 Cookbook Circle                         ','FL','32967','TPCE'),(5100,10,'Defeated Tray Supplies                       ',559.74,476.90,448.29,'8','Tray Supplies            ','B','Disposable Supplies      ','Supplies','American General Ventures Incorporated       ','1616 Goggles Drive                           ','KS','67579','TPCE'),(5101,41,'Consideration Tray Supplies                  ',172.56,146.85,139.51,'8','Tray Supplies            ','B','Disposable Supplies      ','Supplies','American General Ventures Incorporated       ','1616 Goggles Drive                           ','KS','67579','TPCE'),(5102,72,'Anthem Tray Supplies                         ',134.92,112.39,109.02,'8','Tray Supplies            ','B','Disposable Supplies      ','Supplies','Fedders Corporation                          ','7844 Carelessly Drive                        ','WA','98366','TPCE'),(5103,31,'Simplifier Tray Supplies                     ',408.81,349.12,328.17,'8','Tray Supplies            ','B','Disposable Supplies      ','Supplies','Saurer Gruppe Holding Agency                 ','3727 Elms Drive                              ','MN','55077','TPCE'),(5104,88,'Vestiges Tray Supplies                       ',231.45,192.10,186.34,'8','Tray Supplies            ','B','Disposable Supplies      ','Supplies','Saurer Gruppe Holding Agency                 ','3727 Elms Drive                              ','MN','55077','TPCE'),(5105,14,'Engle Photo Chemicals                        ',429.94,346.10,342.64,'9','Photo Chemicals          ','C','Chemicals                ','Chemicals','Black Hills Corporation                      ','1618 Greenland Street                        ','FL','32304','TPCE'),(5106,78,'Measured Photo Chemicals                     ',318.06,270.67,254.43,'9','Photo Chemicals          ','C','Chemicals                ','Chemicals','Immunex Corporation                          ','5841 Pervades Drive                          ','VA','22035','TPCE'),(5107,54,'Honeymoon Photo Chemicals                    ',326.13,292.21,271.76,'9','Photo Chemicals          ','C','Chemicals                ','Chemicals','Afg Industries Incorporated                  ','5377 Cookbook Circle                         ','FL','32967','TPCE'),(5108,12,'Travelings Photo Chemicals                   ',274.39,242.01,225.07,'9','Photo Chemicals          ','C','Chemicals                ','Chemicals','American General Ventures Incorporated       ','1616 Goggles Drive                           ','KS','67579','TPCE'),(5109,98,'Barrels Flushing Chemicals                   ',135.10,116.59,108.43,'10','Flushing Chemicals       ','C','Chemicals                ','Chemicals','Specialty Teleconstructors Incorporated      ','2161 Chalmers Street                         ','CA','93905','TPCE'),(5110,62,'Substances Flushing Chemicals                ',507.34,409.93,397.63,'10','Flushing Chemicals       ','C','Chemicals                ','Chemicals','Black Hills Corporation                      ','1618 Greenland Street                        ','FL','32304','TPCE'),(5111,9,'Millimeters Flushing Chemicals               ',295.56,251.82,241.75,'10','Flushing Chemicals       ','C','Chemicals                ','Chemicals','Afg Industries Incorporated                  ','5377 Cookbook Circle                         ','FL','32967','TPCE'),(5112,49,'Visage Flushing Chemicals                    ',567.75,507.57,466.96,'10','Flushing Chemicals       ','C','Chemicals                ','Chemicals','Afg Industries Incorporated                  ','5377 Cookbook Circle                         ','FL','32967','TPCE'),(5113,52,'Identical Freezing Chemicals                 ',578.07,465.92,447.28,'11','Freezing Chemicals       ','C','Chemicals                ','Chemicals','Sinclair Broadcast Group Incorporated        ','6037 Ecuadorian Street                       ','MI','49236','TPCE'),(5114,75,'Deferrable Freezing Chemicals                ',145.03,124.44,113.24,'11','Freezing Chemicals       ','C','Chemicals                ','Chemicals','Sinclair Broadcast Group Incorporated        ','6037 Ecuadorian Street                       ','MI','49236','TPCE'),(5115,53,'Ruffle Freezing Chemicals                    ',476.38,394.92,379.12,'11','Freezing Chemicals       ','C','Chemicals                ','Chemicals','Immunex Corporation                          ','5841 Pervades Drive                          ','VA','22035','TPCE'),(5116,94,'Beliefs Freezing Chemicals                   ',566.64,483.91,454.88,'11','Freezing Chemicals       ','C','Chemicals                ','Chemicals','Immunex Corporation                          ','5841 Pervades Drive                          ','VA','22035','TPCE'),(5117,42,'Carelessly Freezing Chemicals                ',559.67,467.88,425.77,'11','Freezing Chemicals       ','C','Chemicals                ','Chemicals','Dollar General Corporation                   ','3988 Chanced Avenue                          ','PA','17007','TPCE'),(5118,47,'Significants Freezing Chemicals              ',141.55,113.24,104.18,'11','Freezing Chemicals       ','C','Chemicals                ','Chemicals','Dollar General Corporation                   ','3988 Chanced Avenue                          ','PA','17007','TPCE'),(5119,99,'Richards Freezing Chemicals                  ',529.35,475.36,470.61,'11','Freezing Chemicals       ','C','Chemicals                ','Chemicals','Dollar General Corporation                   ','3988 Chanced Avenue                          ','PA','17007','TPCE'),(5120,66,'Exemplar Freezing Chemicals                  ',198.40,160.90,152.85,'11','Freezing Chemicals       ','C','Chemicals                ','Chemicals','Fedders Corporation                          ','7844 Carelessly Drive                        ','WA','98366','TPCE'),(5121,29,'Bluest Fillers                               ',507.35,428.20,398.23,'12','Fillers                  ','D','Miscellaneous            ','Misc','Black Hills Corporation                      ','1618 Greenland Street                        ','FL','32304','TPCE'),(5122,64,'Berwick Fillers                              ',583.85,487.51,463.13,'12','Fillers                  ','D','Miscellaneous            ','Misc','Dollar General Corporation                   ','3988 Chanced Avenue                          ','PA','17007','TPCE'),(5123,74,'Flanker Fillers                              ',271.44,236.15,219.62,'12','Fillers                  ','D','Miscellaneous            ','Misc','Dollar General Corporation                   ','3988 Chanced Avenue                          ','PA','17007','TPCE'),(5124,5,'Automobiles Fillers                          ',283.83,227.63,218.52,'12','Fillers                  ','D','Miscellaneous            ','Misc','American General Ventures Incorporated       ','1616 Goggles Drive                           ','KS','67579','TPCE'),(5125,7,'Commendation Fillers                         ',436.33,380.04,364.84,'12','Fillers                  ','D','Miscellaneous            ','Misc','Fedders Corporation                          ','7844 Carelessly Drive                        ','WA','98366','TPCE'),(5126,15,'Disposed Fillers                             ',158.84,138.03,132.51,'12','Fillers                  ','D','Miscellaneous            ','Misc','Fedders Corporation                          ','7844 Carelessly Drive                        ','WA','98366','TPCE'),(5127,22,'Whippers Covers                              ',488.61,410.43,389.91,'13','Covers                   ','D','Miscellaneous            ','Misc','Specialty Teleconstructors Incorporated      ','2161 Chalmers Street                         ','CA','93905','TPCE'),(5128,82,'Numerals Covers                              ',102.87,88.98,83.64,'13','Covers                   ','D','Miscellaneous            ','Misc','Sinclair Broadcast Group Incorporated        ','6037 Ecuadorian Street                       ','MI','49236','TPCE'),(5129,11,'Sulkiness Covers                             ',354.30,289.82,272.43,'13','Covers                   ','D','Miscellaneous            ','Misc','Dollar General Corporation                   ','3988 Chanced Avenue                          ','PA','17007','TPCE'),(5130,16,'Enhanced Covers                              ',460.96,384.44,361.37,'13','Covers                   ','D','Miscellaneous            ','Misc','Dollar General Corporation                   ','3988 Chanced Avenue                          ','PA','17007','TPCE'),(5131,28,'Wonderingly Covers                           ',547.21,467.32,453.30,'13','Covers                   ','D','Miscellaneous            ','Misc','Afg Industries Incorporated                  ','5377 Cookbook Circle                         ','FL','32967','TPCE'),(5132,43,'Blazed Covers                                ',495.00,416.79,404.29,'13','Covers                   ','D','Miscellaneous            ','Misc','Afg Industries Incorporated                  ','5377 Cookbook Circle                         ','FL','32967','TPCE'),(5133,3,'Sortie Covers                                ',248.21,213.21,206.81,'13','Covers                   ','D','Miscellaneous            ','Misc','Fedders Corporation                          ','7844 Carelessly Drive                        ','WA','98366','TPCE'),(5134,13,'Coward Covers                                ',429.79,348.99,328.05,'13','Covers                   ','D','Miscellaneous            ','Misc','Fedders Corporation                          ','7844 Carelessly Drive                        ','WA','98366','TPCE'),(5135,51,'Reflection Lifts                             ',497.85,447.57,438.62,'14','Lifts                    ','D','Miscellaneous            ','Misc','Fedders Corporation                          ','7844 Carelessly Drive                        ','WA','98366','TPCE'),(5136,83,'Horses Lifts                                 ',487.30,402.51,366.28,'14','Lifts                    ','D','Miscellaneous            ','Misc','Saurer Gruppe Holding Agency                 ','3727 Elms Drive                              ','MN','55077','TPCE'),(5137,30,'Detectives Jacks                             ',283.32,248.47,236.05,'15','Jacks                    ','D','Miscellaneous            ','Misc','Specialty Teleconstructors Incorporated      ','2161 Chalmers Street                         ','CA','93905','TPCE'),(5138,2,'Tailor Jacks                                 ',509.78,429.74,399.66,'15','Jacks                    ','D','Miscellaneous            ','Misc','Black Hills Corporation                      ','1618 Greenland Street                        ','FL','32304','TPCE'),(5139,45,'Slacking Jacks                               ',495.04,399.99,387.99,'15','Jacks                    ','D','Miscellaneous            ','Misc','Dollar General Corporation                   ','3988 Chanced Avenue                          ','PA','17007','TPCE'),(5140,76,'Scrounge Jacks                               ',301.58,251.22,248.71,'15','Jacks                    ','D','Miscellaneous            ','Misc','Dollar General Corporation                   ','3988 Chanced Avenue                          ','PA','17007','TPCE'),(5141,19,'Hesitating Jacks                             ',124.46,100.07,96.07,'15','Jacks                    ','D','Miscellaneous            ','Misc','First Bancshares Incorporated Mo             ','11885 Aural Turnpike                         ','KY','40253','TPCE'),(5142,73,'Cosgrove Jacks                               ',298.87,267.79,254.40,'15','Jacks                    ','D','Miscellaneous            ','Misc','Afg Industries Incorporated                  ','5377 Cookbook Circle                         ','FL','32967','TPCE'),(5143,1,'Enumerator Polishing Equipment       ',164.97,142.53,135.40,'3','Polishing Equipment    ','A        ','Processing Equipment  ','Equipment           ','American General Ventures Incorporated       ','1616 Goggles Drive        ',' KS','67579    ','TPCW'),(5144,2,'Tailor Jacks                         ',509.78,429.74,399.66,'15','Jacks                  ','D        ','Miscellaneous         ','Misc                ','Black Hills Corporation                      ','1618 Greenland Street     ',' FL','32304    ','TPCW'),(5145,3,'Sortie Covers                        ',248.21,213.21,206.81,'13','Covers                 ','D        ','Miscellaneous         ','Misc                ','Fedders Corporation                          ','7844 Carelessly Drive     ',' WA','98366    ','TPCW'),(5146,4,'Embodying Cleaning Supplies          ',250.91,213.52,207.11,'5','Cleaning Supplies      ','B        ','Disposable Supplies   ','Supplies            ','Immunex Corporation                          ','5841 Pervades Drive       ',' VA','22035    ','TPCW'),(5147,5,'Automobiles Fillers                  ',283.83,227.63,218.52,'12','Fillers                ','D        ','Miscellaneous         ','Misc                ','American General Ventures Incorporated       ','1616 Goggles Drive        ',' KS','67579    ','TPCW'),(5148,6,'Planetesimal Manufacturing Equipment ',347.28,307.00,285.51,'2','Manufacturing Equipment','A        ','Processing Equipment  ','Equipment           ','First Bancshares Incorporated Mo             ','11885 Aural Turnpike      ',' KY','40253    ','TPCW'),(5149,7,'Commendation Fillers                 ',436.33,380.04,364.84,'12','Fillers                ','D        ','Miscellaneous         ','Misc                ','Fedders Corporation                          ','7844 Carelessly Drive     ',' WA','98366    ','TPCW'),(5150,8,'Septembers Manufacturing Equipment   ',584.33,522.98,517.75,'2','Manufacturing Equipment','A        ','Processing Equipment  ','Equipment           ','Fedders Corporation                          ','7844 Careless Drive       ',' WA','98366    ','TPCW'),(5151,9,'Millimeters Flushing Chemicals       ',295.56,251.82,241.75,'10','Flushing Chemicals     ','C        ','Chemicals             ','Chemicals           ','Afg Industries Incorporated                  ','5377 Cookbook Circle      ',' FL','32967    ','TPCW'),(5152,10,'Defeated Tray Supplies               ',559.74,476.90,448.29,'8','Tray Supplies          ','B        ','Disposable Supplies   ','Supplies            ','American General Ventures Incorporated       ','1616 Goggles Drive        ',' KS','67579    ','TPCW'),(5153,11,'Sulkiness Covers                     ',354.30,289.82,272.43,'13','Covers                 ','D        ','Miscellaneous         ','Misc                ','Dollar General Corporation                   ','3988 Chanced Avenue       ',' PA','17007    ','TPCW'),(5154,12,'Travelings Photo Chemicals           ',274.39,242.01,225.07,'12','Fillers                ','D        ','Miscellaneous         ','Misc                ','American General Ventures Incorporated       ','1616 Goggles Drive        ',' KS','67579    ','TPCW'),(5155,13,'Coward Covers                        ',429.79,348.99,328.05,'13','Covers                 ','D        ','Miscellaneous         ','Misc                ','Fedders Corporation                          ','7844 Carelessly Drive     ',' WA','98366    ','TPCW'),(5156,14,'Engle Photo Chemicals                ',429.94,346.10,342.64,'9','Photo Chemicals        ','C        ','Chemicals             ','Chemicals           ','Black Hills Corporation                      ','1618 Greenland Street     ',' FL','32304    ','TPCW'),(5157,15,'Disposed Fillers                     ',158.84,138.03,132.51,'12','Fillers                ','D        ','Miscellaneous         ','Misc                ','Fedders Corporation                          ','7844 Carelessly Drive     ',' WA','98366    ','TPCW'),(5158,16,'Enhanced Covers                      ',460.96,384.44,361.37,'13','Covers                 ','D        ','Miscellaneous         ','Misc                ','Dollar General Corporation                   ','3988 Chanced Avenue       ',' PA','17007    ','TPCW'),(5159,17,'Optima Cleaning Supplies             ',288.41,255.53,242.75,'5','Cleaning Supplies      ','B        ','Disposable Supplies   ','Supplies            ','American General Ventures Incorporated       ','1616 Goggles Drive        ',' KS','67579    ','TPCW'),(5160,18,'Miniaturizing Manufacturing Equipment',456.24,379.59,353.02,'2','Manufacturing Equipment','A        ','Processing Equipment  ','Equipment           ','American General Ventures Incorporated       ','1616 Goggles Drive        ',' KS','67579    ','TPCW'),(5161,19,'Hesitating Jacks                     ',124.46,100.07,96.07,'15','Jacks                  ','D        ','Miscellaneous         ','Misc                ','First Bancshares Incorporated Mo             ','11885 Aural Turnpike      ',' KY','40253    ','TPCW'),(5162,20,'Flake Photo Equipment                ',232.26,204.39,194.17,'1','Photo Equipment        ','A        ','Processing Equipment  ','Equipment           ','Sinclair Broadcast Group Incorporated        ','6037 Ecuadorian Street    ',' MI','49236    ','TPCW'),(5163,21,'Denigrating Polishing Equipment      ',565.95,454.46,427.19,'3','Polishing Equipment    ','A        ','Processing Equipment  ','Equipment           ','First Bancshares Incorporated Mo             ','11885 Aural Turnpike      ',' KY','40253    ','TPCW'),(5164,22,'Whippers Covers                      ',488.61,410.43,389.91,'13','Covers                 ','D        ','Miscellaneous         ','Misc                ','Specialty Teleconstructors Incorporated      ','2161 Chalmers Street      ',' CA','93905    ','TPCW'),(5165,23,'Decided Tray Supplies                ',233.30,202.27,198.22,'8','Tray Supplies          ','B        ','Disposable Supplies   ','Supplies            ','Dollar General Corporation                   ','3988 Chanced Avenue       ',' PA','17007    ','TPCW'),(5166,24,'Bandage Manufacturing Equipment      ',298.00,267.01,253.66,'2','Manufacturing Equipment','A        ','Processing Equipment  ','Equipment           ','Sinclair Broadcast Group Incorporated        ','6037 Ecuadorian Street    ',' MI','49236    ','TPCW'),(5167,25,'Chalmers Polishing Equipment         ',289.17,242.61,223.20,'3','Polishing Equipment    ','A        ','Processing Equipment  ','Equipment           ','American General Ventures Incorporated       ','1616 Goggles Drive        ',' KS','67579    ','TPCW'),(5168,26,'Subclasses Polishing Equipment       ',282.51,239.00,236.61,'3','Polishing Equipment    ','A        ','Processing Equipment  ','Equipment           ','Saurer Gruppe Holding Agency                 ','3737 Elms Drive           ',' MN','55077    ','TPCW'),(5169,27,'Pinnings Plastic Supplies            ',337.17,302.44,287.32,'7','Plastic Supplies       ','B        ','Disposable Supplies   ','Supplies            ','Saurer Gruppe Holding Agency                 ','3727 Elms Drive           ',' MN','55077    ','TPCW'),(5170,28,'Wonderingly Covers                   ',547.21,467.32,453.30,'13','Covers                 ','D        ','Miscellaneous         ','Misc                ','Afg Industries Incorporated                  ','5377 Cookbook Circle      ',' FL','32967    ','TPCW'),(5171,29,'Bluest Fillers                       ',507.35,428.20,398.23,'12','Fillers                ','D        ','Miscellaneous         ','Misc                ','Black Hills Corporation                      ','1618 Greenland Street     ',' FL','32304    ','TPCW'),(5172,30,'Detectives Jacks                     ',283.32,248.47,236.05,'15','Jacks                  ','D        ','Miscellaneous         ','Misc                ','Specialty Teleconstructors Incorporated      ','2161 Chalmers Street      ',' CA','93905    ','TPCW'),(5173,31,'Simplifier Tray Supplies             ',408.81,349.12,328.17,'8','Tray Supplies          ','B        ','Disposable Supplies   ','Supplies            ','Saurer Gruppe Holding Agency                 ','3727 Elms Drive           ',' MN','55077    ','TPCW'),(5174,32,'Chartable Photo Equipment            ',410.17,347.41,312.67,'1','Photo Equipment        ','A        ','Processing Equipment  ','Equipment           ','Black Hills Corporation                      ','1618 Greenland Street     ',' FL','32304    ','TPCW'),(5175,33,'Consumable Tray Supplies             ',395.70,347.42,337.00,'8','Tray Supplies          ','B        ','Disposable Supplies   ','Supplies            ','First Bancshares Incorporated Mo             ','11885 Aural Turnpike      ',' KY','40253    ','TPCW'),(5176,34,'Sailors Manufacturing Equipment      ',340.48,290.43,278.81,'2','Manufacturing Equipment','A        ','Processing Equipment  ','Equipment           ','Dollar General Corporation                   ','3988 Chanced Avenue       ',' PA','17007    ','TPCW'),(5177,35,'Chromium Photo Equipment             ',565.50,457.49,425.47,'1','Photo Equipment        ','A        ','Processing Equipment  ','Equipment           ','Fedders Corporation                          ','7844 Carelessly Drive     ',' WA','98366    ','TPCW'),(5178,36,'Bomber Photo Equipment               ',461.34,400.44,380.42,'1','Photo Equipment        ','A        ','Processing Equipment  ','Equipment           ','American General Ventures Incorporated       ','1616 Goggles Drive        ',' KS','67579    ','TPCW'),(5179,37,'Concentrators Polishing Equipment    ',584.57,524.94,482.94,'3','Polishing Equipment    ','A        ','Processing Equipment  ','Equipment           ','Immunex Corporation                          ','5841 Pervades Drive       ',' VA','22035    ','TPCW'),(5180,38,'Syntax Polishing Equipment           ',226.72,190.90,177.54,'3','Polishing Equipment    ','A        ','Processing Equipment  ','Equipment           ','Dollar General Corporation                   ','3988 Chanced Avenue       ',' PA','17007    ','TPCW'),(5181,39,'Overlays Plastic Supplies            ',301.08,254.41,241.69,'7','Plastic Supplies       ','B        ','Disposable Supplies   ','Supplies            ','Afg Industries Incorporated                  ','5377 Cookbook Circle      ',' FL','32967    ','TPCW'),(5182,40,'Insensitivity Manufacturing Equipment',200.71,180.44,169.61,'2','Manufacturing Equipment','A        ','Processing Equipment  ','Equipment           ','First Bancshares Incorporated Mo             ','11885 Aural Turnpike      ',' KY','40253    ','TPCW'),(5183,41,'Consideration Tray Supplies          ',172.56,146.85,139.51,'8','Tray Supplies          ','B        ','Disposable Supplies   ','Supplies            ','American General Ventures Incorporated       ','1616 Goggles Drive        ',' KS','67579    ','TPCW'),(5184,42,'Carelessly Freezing Chemicals        ',559.67,467.88,425.77,'11','Freezing Chemicals     ','C        ','Chemicals             ','Chemicals           ','Dollar General Corporation                   ','3988 Chanced Avenue       ',' PA','17007    ','TPCW'),(5185,43,'Blazed Covers                        ',495.00,416.79,404.29,'13','Covers                 ','D        ','Miscellaneous         ','Misc                ','Afg Industries Incorporated                  ','5377 Cookbook Circle      ',' FL','32967    ','TPCW'),(5186,44,'Birthdays Manufacturing Equipment    ',196.56,173.17,161.05,'2','Manufacturing Equipment','A        ','Processing Equipment  ','Equipment           ','First Bancshares Incorporated Mo             ','11885 Aural Turnpike      ',' KY','40253    ','TPCW'),(5187,45,'Slacking Jacks                       ',495.04,399.99,387.99,'15','Jacks                  ','D        ','Miscellaneous         ','Misc                ','Dollar General Corporation                   ','3988 Chanced Avenue       ',' PA','17007    ','TPCW'),(5188,46,'Distantly Paper Supplies             ',518.49,436.05,418.61,'6','Paper Supplies         ','B        ','Disposable Supplies   ','Supplies            ','First Bancshares Incorporated Mo             ','11885 Aural Turnpike      ',' KY','40253    ','TPCW'),(5189,47,'Significants Freezing Chemicals      ',141.55,113.24,104.18,'11','Freezing Chemicals     ','C        ','Chemicals             ','Chemicals           ','Dollar General Corporation                   ','3988 Chanced Avenue       ',' PA','17007    ','TPCW'),(5190,48,'Patriarchal Cleaning Supplies        ',351.54,284.75,264.82,'5','Cleaning Supplies      ','B        ','Disposable Supplies   ','Supplies            ','Sinclair Broadcast Group Incorporated        ','6037 Ecuadorian Street    ',' MI','49236    ','TPCW'),(5191,49,'Visage Flushing Chemicals            ',567.75,507.57,466.96,'10','Flushing Chemicals     ','C        ','Chemicals             ','Chemicals           ','Afg Industries Incorporated                  ','5377 Cookbook Circle      ',' FL','32967    ','TPCW'),(5192,50,'Restarts Paper Supplies              ',524.38,448.34,425.92,'6','Paper Supplies         ','B        ','Disposable Supplies   ','Supplies            ','Specialty Teleconstructors Incorporated      ','2161 Chalmers Street      ',' CA','93905    ','TPCW'),(5193,51,'Reflection Lifts                     ',497.85,447.57,438.62,'14','Lifts                  ','D        ','Miscellaneous         ','Misc                ','Fedders Corporation                          ','7844 Carelessly Drive     ',' WA','98366    ','TPCW'),(5194,52,'Identical Freezing Chemicals         ',578.07,465.92,447.28,'11','Freezing Chemicals     ','C        ','Chemicals             ','Chemicals           ','Sinclair Broadcast Group Incorporated        ','6037 Ecuadorian Street    ',' MI','49236    ','TPCW'),(5195,53,'Ruffle Freezing Chemicals            ',476.38,394.92,379.12,'11','Freezing Chemicals     ','C        ','Chemicals             ','Chemicals           ','Immunex Corporation                          ','5841 Pervades Drive       ',' VA','22035    ','TPCW'),(5196,54,'Honeymoon Photo Chemicals            ',326.13,292.21,271.76,'9','Photo Chemicals        ','C        ','Chemicals             ','Chemicals           ','Afg Industries Incorporated                  ','5377 Cookbook Circle      ',' FL','32967    ','TPCW'),(5197,55,'Bumblers Plastic Supplies            ',545.31,466.24,447.59,'7','Plastic Supplies       ','B        ','Disposable Supplies   ','Supplies            ','First Bancshares Incorporated Mo             ','11885 Aural Turnpike      ',' KY','40253    ','TPCW'),(5198,56,'Allis Polishing Equipment            ',201.77,176.35,160.48,'3','Polishing Equipment    ','A        ','Processing Equipment  ','Equipment           ','American General Ventures Incorporated       ','1616 Goggles Drive        ',' KS','67579    ','TPCW'),(5199,57,'South Tray Supplies                  ',241.30,205.10,203.05,'8','Tray Supplies          ','B        ','Disposable Supplies   ','Supplies            ','Sinclair Broadcast Group Incorporated        ','6037 Ecuadorian Street    ',' MI','49236    ','TPCW'),(5200,58,'Characterization Plastic Supplies    ',231.68,185.58,168.88,'7','Plastic Supplies       ','B        ','Disposable Supplies   ','Supplies            ','Fedders Corporation                          ','7844 Carelessly Drive     ',' WA','98366    ','TPCW'),(5201,59,'Tonnage Plastic Supplies             ',368.75,315.65,309.34,'7','Plastic Supplies       ','B        ','Disposable Supplies   ','Supplies            ','Afg Industries Incorporated                  ','5377 Cookbook Circle      ',' FL','32967    ','TPCW'),(5202,60,'Habitually Manufacturing Equipment   ',509.30,419.15,394.00,'2','Manufacturing Equipment','A        ','Processing Equipment  ','Equipment           ','Black Hills Corporation                      ','1618 Greenland Street     ',' FL','32304    ','TPCW'),(5203,61,'Courthouses Manufacturing Equipment  ',285.62,243.63,231.45,'2','Manufacturing Equipment','A        ','Processing Equipment  ','Equipment           ','First Bancshares Incorporated Mo             ','11885 Aural Turnpike      ',' KY','40253    ','TPCW'),(5204,62,'Substances Flushing Chemicals        ',507.34,409.93,397.63,'10','Flushing Chemicals     ','C        ','Chemicals             ','Chemicals           ','Black Hills Corporation                      ','1618 Greenland Street     ',' FL','32304    ','TPCW'),(5205,63,'Weeks Polishing Equipment            ',198.83,174.18,168.95,'3','Polishing Equipment    ','A        ','Processing Equipment  ','Equipment           ','Afg Industries Incorporated                  ','5377 Cookbook Circle      ',' FL','32967    ','TPCW'),(5206,64,'Berwick Fillers                      ',583.85,487.51,463.13,'12','Fillers                ','D        ','Miscellaneous         ','Misc                ','Dollar General Corporation                   ','3988 Chanced Avenue       ',' PA','17007    ','TPCW'),(5207,65,'Extinguisher Manufacturing Equipment ',120.39,98.36,90.49,'2','Manufacturing Equipment','A        ','Processing Equipment  ','Equipment           ','Sinclair Broadcast Group Incorporated        ','6037 Ecuadorian Street    ',' MI','49236    ','TPCW'),(5208,66,'Exemplar Freezing Chemicals          ',198.40,160.90,152.85,'11','Freezing Chemicals     ','C        ','Chemicals             ','Chemicals           ','Fedders Corporation                          ','7844 Carelessly Drive     ',' WA','98366    ','TPCW'),(5209,67,'Occlusion Manufacturing Equipment    ',199.88,177.29,164.88,'2','Manufacturing Equipment','A        ','Processing Equipment  ','Equipment           ','Afg Industries Incorporated                  ','5377 Cookbook Circle      ',' FL','32967    ','TPCW'),(5210,68,'Loaves Polishing Equipment           ',425.59,361.33,354.10,'3','Polishing Equipment    ','A        ','Processing Equipment  ','Equipment           ','Afg Industries Incorporated                  ','5377 Cookbook Circle      ',' FL','32967    ','TPCW'),(5211,69,'Hits Tray Supplies                   ',439.53,359.10,341.14,'8','Tray Supplies          ','B        ','Disposable Supplies   ','Supplies            ','Black Hills Corporation                      ','1618 Greenland Street     ',' FL','32304    ','TPCW'),(5212,70,'Escape Manufacturing Equipment       ',584.38,523.60,507.89,'2','Manufacturing Equipment','A        ','Processing Equipment  ','Equipment           ','Black Hills Corporation                      ','1618 Greenland Street     ',' FL','32304    ','TPCW'),(5213,71,'Simulations Photo Equipment          ',318.38,255.66,245.43,'1','Photo Equipment        ','A        ','Processing Equipment  ','Equipment           ','Black Hills Corporation                      ','1618 Greenland Street     ',' FL','32304    ','TPCW'),(5214,72,'Anthem Tray Supplies                 ',134.92,112.39,109.02,'8','Tray Supplies          ','B        ','Disposable Supplies   ','Supplies            ','Fedders Corporation                          ','7844 Carelessly Drive     ',' WA','98366    ','TPCW'),(5215,73,'Cosgrove Jacks                       ',298.87,267.79,254.40,'15','Jacks                  ','D        ','Miscellaneous         ','Misc                ','Afg Industries Incorporated                  ','5377 Cookbook Circle      ',' FL','32967    ','TPCW'),(5216,74,'Flanker Fillers                      ',271.44,236.15,219.62,'12','Fillers                ','D        ','Miscellaneous         ','Misc                ','Dollar General Corporation                   ','3988 Chanced Avenue       ',' PA','17007    ','TPCW'),(5217,75,'Deferrable Freezing Chemicals        ',145.03,124.44,113.24,'11','Freezing Chemicals     ','C        ','Chemicals             ','Chemicals           ','Sinclair Broadcast Group Incorporated        ','6027 Ecuadorian Street    ',' MI','49236    ','TPCW'),(5218,76,'Scrounge Jacks                       ',301.58,251.22,248.71,'15','Jacks                  ','D        ','Miscellaneous         ','Misc                ','Dollar General Corporation                   ','3988 Chanced Avenue       ',' PA','17007    ','TPCW'),(5219,77,'Vastest Photo Equipment              ',498.08,442.30,420.19,'1','Photo Equipment        ','A        ','Processing Equipment  ','Equipment           ','Sinclair Broadcast Group Incorporated        ','6037 Ecuadorian Street    ',' MI','49236    ','TPCW'),(5220,78,'Measured Photo Chemicals             ',318.06,270.67,254.43,'9','Photo Chemicals        ','C        ','Chemicals             ','Chemicals           ','Immunex Corporation                          ','5841 Pervades Drive       ',' VA','22035    ','TPCW'),(5221,79,'Siena Plastic Supplies               ',155.03,136.43,132.34,'7','Plastic Supplies       ','B        ','Disposable Supplies   ','Supplies            ','Black Hills Corporation                      ','1618 Greenland Street     ',' FL','32304    ','TPCW'),(5222,80,'Temporally Plastic Supplies          ',477.53,408.29,371.54,'7','Plastic Supplies       ','B        ','Disposable Supplies   ','Supplies            ','Fedders Corporation                          ','7844 Carelessly Drive     ',' WA','98366    ','TPCW'),(5223,81,'Palm Polishing Equipment             ',122.39,105.38,103.27,'3','Polishing Equipment    ','A        ','Processing Equipment  ','Equipment           ','Black Hills Corporation                      ','1618 Greenland Street     ',' FL','32304    ','TPCW'),(5224,82,'Numerals Covers                      ',102.87,88.98,83.64,'13','Covers                 ','D        ','Miscellaneous         ','Misc                ','Sinclair Broadcast Group Incorporated        ','6037 Ecuadorian Street    ',' MI','49236    ','TPCW'),(5225,83,'Horses Lifts                         ',487.30,402.51,366.28,'14','Lifts                  ','D        ','Miscellaneous         ','Misc                ','Saurer Gruppe Holding Agency                 ','3727 Elms Drive           ',' MN','55077    ','TPCW'),(5226,84,'Unjust Paper Supplies                ',222.48,182.21,176.74,'6','Paper Supplies         ','B        ','Disposable Supplies   ','Supplies            ','Afg Industries Incorporated                  ','5377 Cookbook Circle      ',' FL','32967    ','TPCW'),(5227,85,'Disallow Manufacturing Equipment     ',165.24,145.91,144.45,'2','Manufacturing Equipment','A        ','Processing Equipment  ','Equipment           ','Dollar General Corporation                   ','3988 Chanced Avenue       ',' PA','17007    ','TPCW'),(5228,86,'Soya Cleaning Supplies               ',406.93,345.89,345.89,'5','Cleaning Supplies      ','B        ','Disposable Supplies   ','Supplies            ','Specialty Teleconstructors Incorporated      ','2161 Chalmers Street      ',' CA','93905    ','TPCW'),(5229,87,'Suing Manufacturing Equipment        ',482.16,426.71,401.11,'2','Manufacturing Equipment','A        ','Processing Equipment  ','Equipment           ','First Bancshares Incorporated Mo             ','11885 Aural Turnpike      ',' KY','40253    ','TPCW'),(5230,88,'Vestiges Tray Supplies               ',231.45,192.10,186.34,'8','Tray Supplies          ','B        ','Disposable Supplies   ','Supplies            ','Saurer Gruppe Holding Agency                 ','3727 Elms Drive           ',' MN','55077    ','TPCW'),(5231,89,'Travel Paper Supplies                ',129.85,108.81,103.37,'6','Paper Supplies         ','B        ','Disposable Supplies   ','Supplies            ','Saurer Gruppe Holding Agency                 ','3727 Elms Drive           ',' MN','55077    ','TPCW'),(5232,90,'Curiouser Cleaning Supplies          ',419.36,364.42,338.91,'5','Cleaning Supplies      ','B        ','Disposable Supplies   ','Supplies            ','Dollar General Corporation                   ','3988 Chanced Avenue       ',' PA','17007    ','TPCW'),(5233,91,'Scribble Plastic Supplies            ',492.40,405.74,397.63,'7','Plastic Supplies       ','B        ','Disposable Supplies   ','Supplies            ','Specialty Teleconstructors Incorporated      ','2161 Chalmers Street      ',' CA','93905    ','TPCW'),(5234,92,'Behind Tray Supplies                 ',166.65,138.99,129.26,'8','Tray Supplies          ','B        ','Disposable Supplies   ','Supplies            ','Afg Industries Incorporated                  ','5377 Cookbook Circle      ',' FL','32967    ','TPCW'),(5235,93,'Bellowing Polishing Equipment        ',502.57,451.31,446.80,'3','Polishing Equipment    ','A        ','Processing Equipment  ','Equipment           ','First Bancshares Incorporated Mo             ','11885 Aural Turnpike      ',' KY','40253    ','TPCW'),(5236,94,'Beliefs Freezing Chemicals           ',566.64,483.91,454.88,'11','Freezing Chemicals     ','C        ','Chemicals             ','Chemicals           ','Immunex Corporation                          ','5841 Pervades Drive       ',' VA','22035    ','TPCW'),(5237,95,'Duplicator Polishing Equipment       ',544.28,465.36,432.78,'3','Polishing Equipment    ','A        ','Processing Equipment  ','Equipment           ','Afg Industries Incorporated                  ','5377 Cookbook Circle      ',' FL','32967    ','TPCW'),(5238,200,'Curiouser Cleaning Supplies          ',419.36,364.42,338.91,'5','Cleaning Supplies      ','B        ','Disposable Supplies   ','Supplies            ','Dollar General Corporation                   ','3988 Chanced Avenue       ',' PA','17007    ','TPCW'),(5239,96,'Drafty Cleaning Supplies             ',107.13,92.67,88.96,'5','Cleaning Supplies      ','B        ','Disposable Supplies   ','Supplies            ','Black Hills Corporation                      ','1618 Greenland Street     ',' FL','32304    ','TPCW'),(5240,97,'Stickiest Paper Supplies             ',575.92,502.78,467.59,'6','Paper Supplies         ','B        ','Disposable Supplies   ','Supplies            ','Black Hills Corporation                      ','1618 Greenland Street     ',' FL','32304    ','TPCW'),(5241,98,'Barrels Flushing Chemicals           ',135.10,116.59,108.43,'10','Flushing Chemicals     ','C        ','Chemicals             ','Chemicals           ','Specialty Teleconstructors Incorporated      ','2161 Chalmers Street      ',' CA','93905    ','TPCW'),(5242,99,'Richards Freezing Chemicals          ',529.35,475.36,470.61,'11','Freezing Chemicals     ','C        ','Chemicals             ','Chemicals           ','Dollar General Corporation                   ','3988 Chanced Avenue       ',' PA','17007    ','TPCW'),(5243,100,'Pervasively Manufacturing Equipment  ',374.14,334.86,308.07,'2','Manufacturing Equipment','A        ','Processing Equipment  ','Equipment           ','American General Ventures Incorporated       ','1616 Goggles Drive        ',' KS','67579    ','TPCW'),(5244,101,'Optima Cleaning Supplies             ',288.41,255.53,242.75,'5','Cleaning Supplies      ','B        ','Disposable Supplies   ','Supplies            ','American General Ventures Incorporated       ','1616 Goggles Drive        ',' KS','67579    ','TPCW'),(5245,102,'Measured Photo Chemicals             ',318.06,270.67,254.43,'9','Photo Chemicals        ','C        ','Chemicals             ','Chemicals           ','Immunex Corporation                          ','5841 Pervades Drive       ',' VA','22035    ','TPCW'),(5246,103,'Whale Lifts                          ',493.40,406.78,385.43,'14','Lifts                  ','D        ','Miscellaneous         ','Misc                ','Saurer Gruppe Holding Agency                 ','3727 Elms Drive           ',' MN','55077    ','TPCW'),(5247,104,'LCARS Covers                         ',289.41,231.42,211.76,'13','Covers                 ','D        ','Miscellaneous         ','Misc                ','Fedders Corporation                          ','7844 Carelessly Drive     ',' WA','98366    ','TPCW'),(5248,105,'Just Paper Supplies                  ',278.59,201.34,192.67,'6','Paper Supplies         ','B        ','Disposable Supplies   ','Supplies            ','Afg Industries Incorporated                  ','5377 Cookbook Circle      ',' FL','32967    ','TPCW'),(5249,106,'Escape Manufacturing Equipment       ',584.38,523.60,507.89,'2','Manufacturing Equipment','A        ','Processing Equipment  ','Equipment           ','Black Hills Corporation                      ','1618 Greenland Street     ',' FL','32304    ','TPCW');
/*!40000 ALTER TABLE `product_dim` ENABLE KEYS */;
UNLOCK TABLES;

--
-- Table structure for table `sale_quarter_dim`
--

DROP TABLE IF EXISTS `sale_quarter_dim`;
/*!40101 SET @saved_cs_client     = @@character_set_client */;
/*!50503 SET character_set_client = utf8mb4 */;
CREATE TABLE `sale_quarter_dim` (
  `Sales_Quarter` int DEFAULT NULL,
  `Sales_Month` int DEFAULT NULL,
  `Sales_Fiscal_Quarter` int DEFAULT NULL,
  `Sales_Fiscal_Month` int DEFAULT NULL,
  `Sales_Quarter_SK` int NOT NULL,
  PRIMARY KEY (`Sales_Quarter_SK`)
) ENGINE=InnoDB DEFAULT CHARSET=utf8;
/*!40101 SET character_set_client = @saved_cs_client */;

--
-- Dumping data for table `sale_quarter_dim`
--

LOCK TABLES `sale_quarter_dim` WRITE;
/*!40000 ALTER TABLE `sale_quarter_dim` DISABLE KEYS */;
INSERT INTO `sale_quarter_dim` VALUES (3,8,2,5,5000),(1,1,4,10,5001),(1,2,4,11,5032),(1,3,4,12,5060),(2,4,1,1,5091),(2,5,1,2,5121),(2,6,1,3,5152),(3,7,2,4,5182),(3,9,2,6,5244),(4,10,3,7,5274),(4,11,3,8,5305),(4,12,3,9,5335);
/*!40000 ALTER TABLE `sale_quarter_dim` ENABLE KEYS */;
UNLOCK TABLES;

--
-- Table structure for table `sales_fact_shrunken`
--

DROP TABLE IF EXISTS `sales_fact_shrunken`;
/*!40101 SET @saved_cs_client     = @@character_set_client */;
/*!50503 SET character_set_client = utf8mb4 */;
CREATE TABLE `sales_fact_shrunken` (
  `Customer_SK` int NOT NULL,
  `Product_SK` int NOT NULL,
  `Sales_Quarter_SK` int NOT NULL,
  `InvoiceNumber(DD)` int DEFAULT NULL,
  `Amount` decimal(10,2) DEFAULT NULL,
  `Quantity` int DEFAULT NULL,
  `Discounted` tinyint DEFAULT NULL,
  `Shipping_Cost` decimal(10,2) DEFAULT NULL,
  PRIMARY KEY (`Customer_SK`,`Product_SK`,`Sales_Quarter_SK`)
) ENGINE=InnoDB DEFAULT CHARSET=utf8;
/*!40101 SET character_set_client = @saved_cs_client */;

--
-- Dumping data for table `sales_fact_shrunken`
--

LOCK TABLES `sales_fact_shrunken` WRITE;
/*!40000 ALTER TABLE `sales_fact_shrunken` DISABLE KEYS */;
INSERT INTO `sales_fact_shrunken` VALUES (0,5048,5121,12425,8482.50,15,0,NULL),(0,5053,5274,724,5788.16,17,0,NULL),(0,5056,5091,8035,2207.81,11,0,NULL),(0,5057,5121,12425,589.68,3,0,NULL),(0,5061,5121,12425,5018.64,11,0,NULL),(0,5063,5121,12425,10517.94,18,0,NULL),(0,5065,5121,12425,2922.85,5,0,NULL),(0,5098,5121,12425,1187.10,3,0,NULL),(0,5101,5121,12425,2243.28,13,0,NULL),(0,5101,5152,1875,2933.52,17,0,NULL),(0,5101,5274,724,3451.20,20,0,NULL),(0,5108,5091,8035,1646.34,6,0,NULL),(0,5108,5152,1875,4664.63,17,0,NULL),(0,5126,5152,1875,1270.72,8,0,NULL),(0,5126,5274,724,2223.76,14,0,NULL),(0,5133,5121,12425,2233.89,9,0,NULL),(5000,5000,5335,37986,24745.50,150,0,9.48),(5000,5001,5121,5612,31602.48,91,0,14.52),(5000,5006,5152,18744,16986.00,57,0,5.96),(5000,5008,5274,1053,104671.38,187,0,3.95),(5000,5008,5305,30007,25188.30,45,0,5.70),(5000,5014,5274,1053,37408.80,165,0,12.25),(5000,5018,5091,17755,29539.40,58,0,5.66),(5000,5018,5152,18744,43799.80,86,0,25.97),(5000,5019,5335,37986,26277.04,92,0,19.35),(5000,5020,5305,30007,29228.01,147,0,2.47),(5000,5029,5244,49118,55448.40,115,0,6.64),(5000,5031,5305,30007,26094.64,104,0,3.56),(5000,5034,5182,3718,27911.52,142,0,9.45),(5000,5035,5182,3718,85996.24,158,0,17.55),(5000,5042,5274,1053,74275.74,161,0,6.32),(5001,5144,5244,3454,53017.00,104,0,NULL),(5001,5145,5060,32620,19112.00,77,0,NULL),(5001,5148,5244,3454,45494.00,131,0,NULL),(5001,5153,5305,18082,58460.00,165,0,NULL),(5001,5154,5182,14281,17835.00,65,0,NULL),(5001,5159,5182,14281,15863.00,55,0,NULL),(5001,5168,5305,18082,37574.00,133,0,NULL),(5001,5183,5305,18082,6385.00,37,0,NULL),(5001,5188,5001,48868,24369.00,47,0,NULL),(5001,5193,5335,35993,46798.00,94,0,NULL),(5001,5196,5091,8668,32939.00,101,0,NULL),(5001,5197,5152,21230,13087.00,24,0,NULL),(5001,5199,5182,14281,9169.00,38,0,NULL),(5001,5210,5001,48868,53199.00,125,0,NULL),(5001,5211,5274,48971,18021.00,41,0,NULL),(5001,5220,5335,35993,54070.00,170,0,NULL),(5001,5248,5032,6978,13929.00,50,0,NULL),(5002,5001,5152,32216,42020.88,121,0,4.68),(5002,5003,5091,5212,58398.72,128,0,19.28),(5002,5009,5121,28352,73830.60,180,0,12.15),(5002,5012,5032,41603,20629.92,48,0,12.67),(5002,5014,5244,20049,25619.36,113,0,18.90),(5002,5020,5032,41603,27637.37,139,0,3.34),(5002,5020,5182,23447,36385.89,183,0,14.55),(5002,5020,5335,50999,15309.91,77,0,25.29),(5002,5022,5060,142,19988.00,100,0,16.26),(5002,5023,5182,23447,34898.38,82,0,19.62),(5002,5034,5335,50999,31842.72,162,0,17.76),(5002,5036,5274,46037,49672.30,85,0,7.08),(5002,5040,5121,28352,55625.10,157,0,4.82),(5003,5143,5001,47541,21611.00,131,0,NULL),(5003,5153,5182,21270,65900.00,186,0,NULL),(5003,5182,5182,21270,17863.00,89,0,NULL),(5003,5187,5335,44970,98513.00,199,0,NULL),(5003,5189,5032,42195,5662.00,40,0,NULL),(5003,5206,5274,25818,105093.00,180,0,NULL),(5003,5208,5032,42195,8730.00,44,0,NULL),(5003,5211,5091,25199,40437.00,92,0,NULL),(5003,5217,5274,25818,3046.00,21,0,NULL),(5003,5229,5335,44970,40019.00,83,0,NULL),(5003,5245,5060,4760,32124.00,101,0,NULL),(5003,5246,5182,21270,4934.00,10,0,NULL),(5003,5248,5032,42195,21730.00,78,0,NULL),(5004,5145,5335,15374,35742.00,144,0,NULL),(5004,5151,5152,31779,8571.00,29,0,NULL),(5004,5174,5001,52324,23790.00,58,0,NULL),(5004,5183,5182,22894,13632.00,79,0,NULL),(5004,5184,5001,52324,37498.00,67,0,NULL),(5004,5190,5274,10227,18280.00,52,0,NULL),(5004,5193,5121,52252,74180.00,149,0,NULL),(5004,5211,5152,31779,33844.00,77,0,NULL),(5004,5222,5091,43218,51573.00,108,0,NULL),(5005,5002,5305,41647,7136.92,14,0,2.56),(5005,5005,5060,29586,105832.65,187,0,2.46),(5005,5016,5060,29586,20353.22,82,0,10.56),(5005,5016,5121,16799,48897.37,197,0,3.63),(5005,5018,5182,46063,43799.80,86,0,10.08),(5005,5019,5244,41083,25991.42,91,0,9.85),(5005,5025,5274,50594,53806.22,169,0,4.95),(5005,5026,5060,29586,50804.16,102,0,4.48),(5005,5027,5060,29586,5385.16,44,0,10.72),(5005,5030,5091,49934,74380.36,148,0,3.21),(5005,5031,5001,16690,3512.74,14,0,2.43),(5005,5041,5060,29586,99376.90,170,0,18.48),(5006,5002,5305,17240,24469.44,48,0,4.72),(5006,5003,5032,35898,83035.68,182,0,9.32),(5006,5004,5121,15505,42968.10,185,0,15.60),(5006,5005,5305,17240,21506.10,38,0,21.49),(5006,5006,5091,6573,42614.00,143,0,26.55),(5006,5020,5121,15505,32608.12,164,0,10.36),(5006,5021,5182,10525,16132.26,134,0,8.19),(5006,5021,5335,21176,23476.05,195,0,8.12),(5006,5022,5060,34923,39776.12,199,0,7.65),(5006,5023,5032,35898,65966.45,155,0,12.88),(5006,5027,5091,6573,6609.06,54,0,5.10),(5006,5027,5274,16186,13218.12,108,0,1.63),(5006,5036,5244,49402,16362.64,28,0,12.08),(5006,5037,5335,21176,80284.72,184,0,23.17),(5007,5155,5244,10065,42119.00,98,0,NULL),(5007,5155,5335,5198,5157.00,12,0,NULL),(5007,5170,5121,41257,102875.00,188,0,NULL),(5007,5181,5305,1326,19570.00,65,0,NULL),(5007,5191,5305,1326,6245.00,11,0,NULL),(5007,5192,5152,45317,43524.00,83,0,NULL),(5007,5205,5182,29178,23860.00,120,0,NULL),(5008,5047,5182,17597,7842.78,17,0,NULL),(5008,5055,5182,17597,6598.32,19,0,NULL),(5008,5075,5182,1218,2825.10,10,0,NULL),(5008,5084,5182,1218,5184.90,10,0,NULL),(5008,5090,5182,1218,4516.20,15,0,NULL),(5008,5097,5182,17597,3266.20,14,0,NULL),(5008,5118,5182,1218,2831.00,20,0,NULL),(5008,5121,5182,17597,6595.55,13,0,NULL),(5008,5124,5182,1218,2554.47,9,0,NULL),(5008,5137,5182,1218,1983.24,7,0,NULL),(5009,5146,5305,18597,24087.00,96,0,NULL),(5009,5153,5305,18597,29053.00,82,0,NULL),(5009,5165,5091,27861,24497.00,105,0,NULL),(5009,5171,5060,28426,8118.00,16,0,NULL),(5009,5183,5060,28426,4832.00,28,0,NULL),(5009,5183,5244,30886,33477.00,194,0,NULL),(5009,5188,5274,9536,95402.00,184,0,NULL),(5009,5190,5032,37300,21444.00,61,0,NULL),(5009,5199,5244,30886,43675.00,181,0,NULL),(5009,5201,5244,30886,72275.00,196,0,NULL),(5009,5212,5335,12439,29803.00,51,0,NULL),(5009,5219,5274,9536,56283.00,113,0,NULL),(5009,5242,5032,37300,86284.00,163,0,NULL),(5009,5243,5060,28426,40033.00,107,0,NULL),(5010,5000,5152,49432,28209.87,171,0,27.36),(5010,5001,5182,2813,17364.00,50,0,13.98),(5010,5007,5274,21510,35567.91,123,0,8.65),(5010,5010,5121,11929,67755.52,199,0,18.95),(5010,5010,5305,12640,19747.84,58,0,3.27),(5010,5010,5335,17614,6809.60,20,0,14.28),(5010,5014,5335,17614,27886.56,123,0,2.38),(5010,5017,5244,43080,26230.10,130,0,9.45),(5010,5021,5244,43080,8668.08,72,0,17.84),(5010,5028,5001,53328,54678.60,185,0,7.20),(5010,5028,5335,17614,34876.08,118,0,10.95),(5010,5029,5182,2813,81967.20,170,0,5.16),(5010,5030,5182,2813,6533.41,13,0,3.98),(5010,5033,5182,2813,23373.20,40,0,7.50),(5010,5033,5274,21510,33306.81,57,0,22.24),(5010,5036,5032,41150,54931.72,94,0,16.20),(5010,5038,5032,41150,31230.36,189,0,31.92),(5010,5039,5091,35781,52829.37,187,0,14.77),(5010,5039,5305,12640,8475.30,30,0,15.12),(5010,5040,5305,12640,21966.60,62,0,1.12),(5010,5041,5032,41150,34489.63,59,0,15.40),(5010,5042,5182,2813,18914.94,41,0,9.36),(5011,5147,5001,23218,45980.00,162,0,NULL),(5011,5152,5091,38442,94596.00,169,0,NULL),(5011,5154,5060,41425,28262.00,103,0,NULL),(5011,5163,5274,15825,105833.00,187,0,NULL),(5011,5175,5335,4479,70039.00,177,0,NULL),(5011,5176,5244,5730,11576.00,34,0,NULL),(5011,5184,5274,15825,54848.00,98,0,NULL),(5011,5192,5182,34722,90718.00,173,0,NULL),(5011,5206,5244,5730,77068.00,132,0,NULL),(5011,5221,5305,24793,14108.00,91,0,NULL),(5011,5223,5182,34722,6731.00,55,0,NULL),(5011,5223,5244,5730,19705.00,161,0,NULL),(5011,5224,5152,43563,1749.00,17,0,NULL),(5011,5230,5182,34722,28468.00,123,0,NULL),(5011,5242,5152,43563,83108.00,157,0,NULL),(5011,5246,5335,4479,48847.00,99,0,NULL),(5011,5247,5244,5730,33282.00,115,0,NULL),(5012,5002,5032,14181,71369.20,140,0,5.10),(5012,5003,5060,32016,61592.40,135,0,35.01),(5012,5009,5121,40945,65627.20,160,0,5.13),(5012,5013,5152,30660,42256.06,154,0,25.52),(5012,5018,5152,30660,69774.10,137,0,3.96),(5012,5023,5244,41466,11916.52,28,0,2.30),(5012,5025,5152,30660,55079.74,173,0,2.14),(5012,5026,5032,14181,73217.76,147,0,6.60),(5012,5028,5121,40945,46107.36,156,0,6.30),(5012,5031,5244,41466,21829.17,87,0,3.35),(5013,5144,5121,44333,30587.00,60,0,NULL),(5013,5155,5121,44333,81660.00,190,0,NULL),(5013,5175,5152,5412,36404.00,92,0,NULL),(5013,5176,5152,5412,64351.00,189,0,NULL),(5013,5177,5335,36316,55419.00,98,0,NULL),(5013,5180,5091,34706,11336.00,50,0,NULL),(5013,5182,5121,44333,5821.00,29,0,NULL),(5013,5184,5121,44333,82271.00,147,0,NULL),(5013,5186,5244,33497,20442.00,104,0,NULL),(5013,5189,5121,44333,12881.00,91,0,NULL),(5013,5194,5244,33497,68790.00,119,0,NULL),(5013,5199,5182,14368,27750.00,115,0,NULL),(5013,5209,5335,36316,21587.00,108,0,NULL),(5013,5223,5152,5412,10403.00,85,0,NULL),(5013,5231,5152,5412,19997.00,154,0,NULL),(5013,5232,5091,34706,54936.00,131,0,NULL),(5013,5236,5244,33497,83296.00,147,0,NULL),(5013,5240,5060,30779,70262.00,122,0,NULL),(5014,5002,5182,43588,26508.56,52,0,1.21),(5014,5003,5091,47499,50642.64,111,0,15.33),(5014,5009,5152,42528,38966.15,95,0,18.27),(5014,5009,5182,43588,40606.83,99,0,13.62),(5014,5010,5060,44257,32345.60,95,0,9.17),(5014,5017,5032,35235,33493.82,166,0,24.50),(5014,5020,5060,44257,27836.20,140,0,18.00),(5014,5033,5152,42528,16945.57,29,0,5.61),(5014,5034,5274,24983,6683.04,34,0,2.95),(5015,5153,5244,34208,35430.00,100,0,NULL),(5015,5155,5152,6682,35673.00,83,0,NULL),(5015,5200,5032,20844,23400.00,101,0,NULL),(5015,5217,5244,34208,5801.00,40,0,NULL),(5015,5218,5032,20844,51872.00,172,0,NULL),(5015,5224,5001,16873,2160.00,21,0,NULL),(5015,5243,5032,20844,55373.00,148,0,NULL),(5015,5248,5335,31429,14487.00,52,0,NULL),(5016,5056,5305,11507,2207.81,11,0,NULL),(5016,5067,5305,11507,1131.90,2,0,NULL),(5016,5072,5305,11507,1319.76,8,0,NULL),(5016,5081,5305,11507,3749.33,13,0,NULL),(5016,5130,5305,11507,3687.68,8,0,NULL),(5016,5134,5305,11507,1289.37,3,0,NULL),(5017,5150,5152,41218,25711.00,44,0,NULL),(5017,5150,5335,8038,11102.00,19,0,NULL),(5017,5151,5121,37425,12118.00,41,0,NULL),(5017,5166,5335,8038,44402.00,149,0,NULL),(5017,5195,5121,37425,25725.00,54,0,NULL),(5017,5212,5121,37425,108695.00,186,0,NULL),(5017,5213,5001,1028,35659.00,112,0,NULL),(5017,5222,5121,37425,41068.00,86,0,NULL),(5017,5222,5244,37920,16236.00,34,0,NULL),(5017,5229,5001,1028,80521.00,167,0,NULL),(5018,5144,5032,42726,83094.00,163,0,NULL),(5018,5144,5335,47650,81565.00,160,0,NULL),(5018,5156,5335,47650,81259.00,189,0,NULL),(5018,5161,5182,37609,10952.00,88,0,NULL),(5018,5200,5032,42726,18071.00,78,0,NULL),(5018,5211,5032,42726,78676.00,179,0,NULL),(5018,5212,5152,18820,75385.00,129,0,NULL),(5018,5222,5060,51863,54916.00,115,0,NULL),(5018,5223,5244,23907,22030.00,180,0,NULL),(5018,5224,5244,23907,6069.00,59,0,NULL),(5018,5224,5305,89,15122.00,147,0,NULL),(5018,5225,5121,32659,69197.00,142,0,NULL),(5018,5230,5182,37609,42124.00,182,0,NULL),(5018,5235,5060,51863,93478.00,186,0,NULL),(5018,5242,5305,89,91048.00,172,0,NULL),(5018,5244,5091,9449,47876.00,166,0,NULL),(5019,5144,5152,15031,89721.00,176,0,NULL),(5019,5146,5001,52697,48927.00,195,0,NULL),(5019,5160,5060,47728,6844.00,15,0,NULL),(5019,5161,5060,47728,4978.00,40,0,NULL),(5019,5167,5152,15031,45400.00,157,0,NULL),(5019,5174,5032,24564,72190.00,176,0,NULL),(5019,5178,5182,37580,51209.00,111,0,NULL),(5019,5205,5121,11661,35591.00,179,0,NULL),(5019,5206,5032,24564,36783.00,63,0,NULL),(5019,5214,5121,11661,12278.00,91,0,NULL),(5019,5229,5121,11661,67985.00,141,0,NULL),(5019,5234,5152,15031,29664.00,178,0,NULL),(5019,5241,5060,47728,20805.00,154,0,NULL),(5019,5245,5001,52697,56297.00,177,0,NULL),(5020,5045,5121,7538,3691.53,9,0,NULL),(5020,5048,5121,7538,9613.50,17,0,NULL),(5020,5063,5091,11700,5258.97,9,0,NULL),(5020,5075,5091,11700,5085.18,18,0,NULL),(5020,5075,5121,7538,2542.59,9,0,NULL),(5020,5077,5091,11700,4921.56,14,0,NULL),(5020,5094,5121,7538,2697.36,8,0,NULL),(5020,5098,5121,7538,1978.50,5,0,NULL),(5020,5108,5091,11700,1646.34,6,0,NULL),(5020,5108,5121,7538,4939.02,18,0,NULL),(5020,5111,5121,7538,2364.48,8,0,NULL),(5020,5132,5121,7538,6435.00,13,0,NULL),(5020,5134,5121,7538,7306.43,17,0,NULL),(5021,5005,5032,21674,109228.35,193,0,32.40),(5021,5013,5001,50330,53506.05,195,0,25.04),(5021,5015,5001,50330,7827.69,39,0,16.45),(5021,5015,5305,55130,21275.26,106,0,28.80),(5021,5022,5305,55130,36178.28,181,0,12.84),(5021,5027,5305,55130,22030.20,180,0,13.75),(5021,5028,5121,25125,36058.32,122,0,7.65),(5021,5028,5274,11245,49949.64,169,0,17.78),(5021,5028,5335,6299,47585.16,161,0,23.60),(5021,5031,5060,39946,8781.85,35,0,22.08),(5021,5038,5091,33839,3139.56,19,0,1.75),(5022,5172,5032,54743,50148.00,177,0,NULL),(5022,5177,5305,9137,90480.00,160,0,NULL),(5022,5186,5091,9786,16314.00,83,0,NULL),(5022,5189,5244,53869,7219.00,51,0,NULL),(5022,5205,5032,54743,25649.00,129,0,NULL),(5022,5231,5032,54743,12206.00,94,0,NULL),(5022,5241,5152,14803,12835.00,95,0,NULL),(5022,5243,5182,37237,71835.00,192,0,NULL),(5023,5045,5001,253,2461.02,6,0,NULL),(5023,5045,5182,19335,6152.55,15,0,NULL),(5023,5057,5001,253,2555.28,13,0,NULL),(5023,5057,5182,19335,982.80,5,0,NULL),(5023,5061,5182,19335,5931.12,13,0,NULL),(5023,5063,5182,19335,8180.62,14,0,NULL),(5023,5077,5001,253,1054.62,3,0,NULL),(5023,5084,5001,253,7258.86,14,0,NULL),(5023,5101,5001,253,3451.20,20,0,NULL),(5023,5121,5001,253,9132.30,18,0,NULL),(5023,5131,5182,19335,3283.26,6,0,NULL),(5023,5134,5001,253,7306.43,17,0,NULL),(5024,5004,5001,38085,21367.92,92,0,19.26),(5024,5009,5244,14082,10664.42,26,0,2.02),(5024,5009,5305,31383,32813.60,80,0,2.03),(5024,5010,5244,14082,40176.64,118,0,8.61),(5024,5011,5121,38035,90480.00,160,0,23.76),(5024,5015,5001,38085,12042.60,60,0,9.54),(5024,5018,5152,41918,97785.60,192,0,2.70),(5024,5029,5121,38035,38090.64,79,0,14.65),(5024,5030,5335,1098,73877.79,147,0,12.88),(5024,5032,5182,50870,52753.74,141,0,16.50),(5025,5183,5182,46147,18809.00,109,0,NULL),(5025,5187,5274,44731,67820.00,137,0,NULL),(5025,5204,5244,19496,47183.00,93,0,NULL),(5025,5209,5305,35796,6196.00,31,0,NULL),(5025,5211,5152,37149,78676.00,179,0,NULL),(5025,5217,5001,27044,3336.00,23,0,NULL),(5025,5241,5060,25579,6215.00,46,0,NULL),(5025,5244,5335,731,2884.00,10,0,NULL),(5026,5000,5335,13736,19136.52,116,0,7.07),(5026,5001,5335,13736,55912.08,161,0,7.05),(5026,5005,5335,13736,7923.30,14,0,3.94),(5026,5011,5305,9686,91611.00,162,0,12.50),(5026,5014,5032,7122,11562.72,51,0,5.32),(5026,5017,5121,3268,24212.40,120,0,21.49),(5026,5019,5335,13736,35988.12,126,0,10.32),(5026,5037,5032,7122,19634.85,45,0,25.74),(5026,5037,5182,47287,65013.17,149,0,14.40),(5026,5037,5274,783,33161.08,76,0,18.95),(5027,5011,5274,7404,87652.50,155,0,7.10),(5027,5012,5182,12790,30515.09,71,0,9.04),(5027,5014,5121,25706,41036.32,181,0,12.00),(5027,5015,5274,7404,16056.80,80,0,6.35),(5027,5019,5091,45415,47127.30,165,0,2.30),(5027,5030,5032,45949,39703.03,79,0,31.20),(5027,5032,5274,7404,52753.74,141,0,11.10),(5027,5035,5091,45415,22859.76,42,0,10.80),(5027,5040,5152,19440,23383.80,66,0,2.64),(5027,5040,5335,53846,29761.20,84,0,1.97),(5027,5041,5091,45415,53780.44,92,0,22.92),(5028,5043,5305,17175,4412.94,19,0,NULL),(5028,5045,5060,16332,2461.02,6,0,NULL),(5028,5047,5305,17175,2768.04,6,0,NULL),(5028,5049,5335,12802,4470.00,15,0,NULL),(5028,5056,5335,12802,2007.10,10,0,NULL),(5028,5066,5335,12802,1813.76,8,0,NULL),(5028,5077,5335,12802,1054.62,3,0,NULL),(5028,5084,5335,12802,5184.90,10,0,NULL),(5028,5105,5060,16332,2579.64,6,0,NULL),(5028,5105,5305,17175,859.88,2,0,NULL),(5028,5129,5060,16332,6377.40,18,0,NULL),(5028,5132,5305,17175,5940.00,12,0,NULL),(5028,5134,5305,17175,4297.90,10,0,NULL),(5028,5138,5060,16332,5607.58,11,0,NULL),(5028,5141,5060,16332,497.84,4,0,NULL),(5029,5009,5274,11633,72189.92,176,0,3.34),(5029,5009,5305,34649,36915.30,90,0,9.87),(5029,5012,5152,22215,81230.31,189,0,15.20),(5029,5016,5032,8280,20849.64,84,0,7.76),(5029,5019,5060,17183,16280.34,57,0,8.49),(5029,5024,5274,11633,42574.50,150,0,5.66),(5029,5029,5060,17183,20250.72,42,0,17.70),(5029,5030,5274,11633,74380.36,148,0,7.85),(5029,5032,5274,11633,26938.08,72,0,26.64),(5029,5034,5182,17289,27714.96,141,0,18.15),(5030,5153,5274,19807,34367.00,97,0,NULL),(5030,5155,5001,27119,18911.00,44,0,NULL),(5030,5168,5335,8203,51417.00,182,0,NULL),(5030,5174,5305,5804,23790.00,58,0,NULL),(5030,5177,5032,47508,21489.00,38,0,NULL),(5030,5185,5121,39331,70290.00,142,0,NULL),(5030,5186,5001,27119,13759.00,70,0,NULL),(5030,5195,5244,9571,30488.00,64,0,NULL),(5030,5234,5121,39331,12332.00,74,0,NULL),(5030,5237,5091,42370,74022.00,136,0,NULL),(5030,5246,5060,38457,19736.00,40,0,NULL),(5031,5045,5335,11684,1230.51,3,0,NULL),(5031,5047,5335,11684,8304.12,18,0,NULL),(5031,5056,5121,9428,1003.55,5,0,NULL),(5031,5065,5121,9428,10522.26,18,0,NULL),(5031,5067,5335,11684,10753.05,19,0,NULL),(5031,5073,5244,8801,4915.89,17,0,NULL),(5031,5077,5121,9428,3515.40,10,0,NULL),(5031,5081,5121,9428,5191.38,18,0,NULL),(5031,5084,5121,9428,5703.39,11,0,NULL),(5031,5090,5244,8801,4516.20,15,0,NULL),(5031,5090,5335,11684,1505.40,5,0,NULL),(5031,5101,5091,12237,1380.48,8,0,NULL),(5031,5111,5121,9428,1477.80,5,0,NULL),(5031,5127,5335,11684,6351.93,13,0,NULL),(5031,5129,5121,9428,3897.30,11,0,NULL),(5031,5129,5335,11684,3897.30,11,0,NULL),(5031,5130,5091,12237,1382.88,3,0,NULL),(5031,5139,5091,12237,7425.60,15,0,NULL),(5032,5152,5121,50408,10075.00,18,0,NULL),(5032,5160,5182,31087,59311.00,130,0,NULL),(5032,5175,5001,20451,41549.00,105,0,NULL),(5032,5185,5152,22245,81180.00,164,0,NULL),(5032,5188,5121,50408,30072.00,58,0,NULL),(5032,5191,5121,50408,90272.00,159,0,NULL),(5032,5197,5182,31087,29447.00,54,0,NULL),(5032,5204,5305,31461,11669.00,23,0,NULL),(5032,5229,5335,3300,59306.00,123,0,NULL),(5033,5000,5274,38188,7423.65,45,0,11.72),(5033,5009,5335,36555,63576.35,155,0,1.75),(5033,5013,5335,36555,21951.20,80,0,13.26),(5033,5017,5060,8187,23405.32,116,0,3.72),(5033,5019,5274,38188,43414.24,152,0,3.30),(5033,5021,5032,10146,21188.64,176,0,17.90),(5033,5032,5060,8187,69964.18,187,0,2.25),(5033,5037,5091,38905,20071.18,46,0,3.81),(5033,5041,5060,8187,26305.65,45,0,3.01),(5034,5045,5335,19945,6152.55,15,0,NULL),(5034,5047,5001,14966,8765.46,19,0,NULL),(5034,5048,5182,3123,5655.00,10,0,NULL),(5034,5057,5182,3123,589.68,3,0,NULL),(5034,5073,5032,1012,3759.21,13,0,NULL),(5034,5075,5001,14966,2825.10,10,0,NULL),(5034,5090,5032,1012,4215.12,14,0,NULL),(5034,5097,5001,14966,3732.80,16,0,NULL),(5034,5100,5182,3123,1119.48,2,0,NULL),(5034,5105,5335,19945,6449.10,15,0,NULL),(5034,5118,5182,3123,1981.70,14,0,NULL),(5034,5118,5335,19945,2547.90,18,0,NULL),(5034,5129,5182,3123,5668.80,16,0,NULL),(5034,5131,5335,19945,4377.68,8,0,NULL),(5034,5134,5032,1012,4727.69,11,0,NULL),(5034,5141,5182,3123,1742.44,14,0,NULL),(5034,5141,5335,19945,2240.28,18,0,NULL),(5035,5146,5152,29043,36884.00,147,0,NULL),(5035,5155,5001,1603,49426.00,115,0,NULL),(5035,5156,5244,54806,11608.00,27,0,NULL),(5035,5162,5182,52271,30658.00,132,0,NULL),(5035,5180,5001,1603,21312.00,94,0,NULL),(5035,5209,5001,1603,28983.00,145,0,NULL),(5035,5211,5274,29409,40876.00,93,0,NULL),(5035,5217,5060,10586,17549.00,121,0,NULL),(5035,5230,5032,28647,19210.00,83,0,NULL),(5036,5047,5244,1545,922.68,2,0,NULL),(5036,5057,5244,1545,3734.64,19,0,NULL),(5036,5061,5244,1545,9124.80,20,0,NULL),(5036,5101,5244,1545,517.68,3,0,NULL),(5036,5126,5244,1545,1588.40,10,0,NULL),(5036,5127,5244,1545,8794.98,18,0,NULL),(5036,5134,5244,1545,2578.74,6,0,NULL),(5036,5137,5244,1545,1699.92,6,0,NULL),(5037,5002,5182,40730,22430.32,44,0,8.96),(5037,5005,5121,6952,89420.10,158,0,4.05),(5037,5005,5182,40730,98475.30,174,0,27.12),(5037,5007,5182,40730,32387.04,112,0,4.06),(5037,5010,5305,47701,44602.88,131,0,29.36),(5037,5014,5001,52854,19724.64,87,0,13.74),(5037,5015,5335,19069,30307.21,151,0,6.69),(5037,5017,5274,5291,23808.86,118,0,4.40),(5037,5024,5121,6952,3122.13,11,0,9.48),(5037,5030,5335,19069,66339.24,132,0,18.40),(5037,5031,5244,35490,9785.49,39,0,2.13),(5037,5033,5244,35490,46746.40,80,0,10.80),(5037,5034,5274,5291,4324.32,22,0,9.66),(5037,5038,5335,19069,6609.60,40,0,4.64),(5037,5041,5032,22267,53195.87,91,0,12.53),(5038,5160,5182,17280,89423.00,196,0,NULL),(5038,5173,5182,17280,66636.00,163,0,NULL),(5038,5181,5091,13976,28302.00,94,0,NULL),(5038,5188,5274,35991,5185.00,10,0,NULL),(5038,5194,5060,17351,53761.00,93,0,NULL),(5038,5203,5244,36339,55410.00,194,0,NULL),(5038,5212,5060,17351,18116.00,31,0,NULL),(5038,5223,5091,13976,7711.00,63,0,NULL),(5038,5225,5032,8319,50192.00,103,0,NULL),(5038,5229,5060,17351,29412.00,61,0,NULL),(5038,5233,5274,35991,6894.00,14,0,NULL),(5038,5237,5305,27132,19594.00,36,0,NULL),(5038,5241,5182,17280,3783.00,28,0,NULL),(5038,5247,5305,27132,31546.00,109,0,NULL),(5039,5146,5091,20452,39644.00,158,0,NULL),(5039,5151,5121,11527,19507.00,66,0,NULL),(5039,5154,5182,210,46372.00,169,0,NULL),(5039,5156,5121,11527,52883.00,123,0,NULL),(5039,5180,5182,210,14964.00,66,0,NULL),(5039,5181,5335,22038,21979.00,73,0,NULL),(5039,5183,5121,11527,31406.00,182,0,NULL),(5039,5196,5182,210,32287.00,99,0,NULL),(5039,5196,5274,52258,45006.00,138,0,NULL),(5039,5197,5091,20452,32173.00,59,0,NULL),(5039,5204,5305,42135,15728.00,31,0,NULL),(5039,5207,5121,11527,11798.00,98,0,NULL),(5039,5211,5060,16576,75599.00,172,0,NULL),(5039,5221,5335,22038,10542.00,68,0,NULL),(5039,5241,5032,15501,4458.00,33,0,NULL),(5039,5244,5032,15501,3461.00,12,0,NULL),(5040,5002,5182,37016,83094.14,163,0,30.06),(5040,5005,5274,24649,81496.80,144,0,28.08),(5040,5012,5152,45963,55013.12,128,0,11.60),(5040,5019,5335,29567,45699.20,160,0,3.12),(5040,5022,5121,9059,32980.20,165,0,3.02),(5040,5023,5060,10220,55752.29,131,0,9.63),(5040,5033,5060,10220,110438.37,189,0,13.62),(5040,5037,5121,9059,24870.81,57,0,11.16),(5040,5039,5152,45963,17515.62,62,0,16.05),(5041,5143,5335,36544,10558.00,64,0,NULL),(5041,5157,5152,32988,6195.00,39,0,NULL),(5041,5169,5152,32988,40460.00,120,0,NULL),(5041,5180,5121,47016,31287.00,138,0,NULL),(5041,5221,5032,1565,7441.00,48,0,NULL),(5041,5226,5060,5031,41381.00,186,0,NULL),(5041,5231,5121,47016,12076.00,93,0,NULL),(5041,5236,5152,32988,25499.00,45,0,NULL),(5041,5244,5244,39192,51337.00,178,0,NULL),(5041,5247,5000,3032,0.00,NULL,0,NULL),(5042,5007,5032,20823,4626.72,16,0,11.82),(5042,5007,5091,25822,42507.99,147,0,7.04),(5042,5008,5335,27346,24068.82,43,0,5.86),(5042,5009,5121,16817,42247.51,103,0,24.03),(5042,5014,5274,32206,14736.80,65,0,8.70),(5042,5016,5091,25822,18863.96,76,0,30.56),(5042,5016,5274,32206,39465.39,159,0,9.30),(5042,5018,5244,350,60606.70,119,0,3.57),(5042,5019,5032,20823,56267.14,197,0,15.26),(5042,5019,5182,5342,33988.78,119,0,6.32),(5042,5022,5060,42050,10793.52,54,0,6.35),(5042,5025,5060,42050,39479.12,124,0,11.88),(5042,5026,5032,20823,72221.60,145,0,27.72),(5042,5028,5335,27346,44629.56,151,0,18.34),(5042,5031,5274,32206,21327.35,85,0,10.71),(5042,5034,5060,42050,18869.76,96,0,19.56),(5042,5035,5244,350,103957.48,191,0,23.59),(5042,5036,5335,27346,111032.20,190,0,3.28),(5042,5041,5335,27346,34489.63,59,0,3.72),(5043,5043,5335,10580,3251.64,14,0,NULL),(5043,5045,5305,12437,2050.85,5,0,NULL),(5043,5049,5335,10580,4470.00,15,0,NULL),(5043,5053,5305,12437,680.96,2,0,NULL),(5043,5061,5305,12437,6387.36,14,0,NULL),(5043,5077,5305,12437,5976.18,17,0,NULL),(5043,5079,5305,12437,2509.10,10,0,NULL),(5043,5084,5305,12437,4666.41,9,0,NULL),(5043,5097,5060,8150,1166.50,5,0,NULL),(5043,5101,5335,10580,2070.72,12,0,NULL),(5043,5103,5060,8150,7358.58,18,0,NULL),(5043,5103,5335,10580,6132.15,15,0,NULL),(5043,5137,5305,12437,3966.48,14,0,NULL),(5043,5138,5060,8150,1529.34,3,0,NULL),(5043,5138,5335,10580,9176.04,18,0,NULL),(5044,5174,5182,16899,33634.00,82,0,NULL),(5044,5178,5121,36073,10149.00,22,0,NULL),(5044,5178,5274,18334,16147.00,35,0,NULL),(5044,5179,5335,44558,88270.00,151,0,NULL),(5044,5191,5305,17289,57343.00,101,0,NULL),(5044,5194,5152,7857,64744.00,112,0,NULL),(5044,5216,5121,36073,10315.00,38,0,NULL),(5044,5219,5152,7857,83677.00,168,0,NULL),(5044,5223,5060,24100,24111.00,197,0,NULL),(5044,5230,5121,36073,12267.00,53,0,NULL),(5044,5230,5152,7857,26848.00,116,0,NULL),(5044,5234,5032,32083,14499.00,87,0,NULL),(5044,5236,5032,32083,54964.00,97,0,NULL),(5044,5243,5001,50270,44897.00,120,0,NULL),(5045,5048,5182,3634,5089.50,9,0,NULL),(5045,5061,5032,11286,6843.60,15,0,NULL),(5045,5063,5032,11286,9349.28,16,0,NULL),(5045,5063,5182,3634,1752.99,3,0,NULL),(5045,5066,5182,3634,2947.36,13,0,NULL),(5045,5067,5032,11286,11319.00,20,0,NULL),(5045,5072,5032,11286,329.94,2,0,NULL),(5045,5072,5182,3634,494.91,3,0,NULL),(5045,5073,5182,3634,5494.23,19,0,NULL),(5045,5075,5091,14438,3672.63,13,0,NULL),(5045,5079,5182,3634,1505.46,6,0,NULL),(5045,5094,5032,11286,1011.51,3,0,NULL),(5045,5103,5182,3634,3270.48,8,0,NULL),(5045,5105,5091,14438,6449.10,15,0,NULL),(5045,5118,5091,14438,2264.80,16,0,NULL),(5045,5125,5091,14438,5672.29,13,0,NULL),(5045,5126,5182,3634,2382.60,15,0,NULL),(5045,5129,5091,14438,3897.30,11,0,NULL),(5045,5132,5091,14438,4950.00,10,0,NULL),(5045,5137,5032,11286,2833.20,10,0,NULL),(5045,5138,5032,11286,2548.90,5,0,NULL),(5045,5141,5032,11286,248.92,2,0,NULL),(5046,5002,5152,45792,61173.60,120,0,34.29),(5046,5003,5001,27834,69348.48,152,0,7.40),(5046,5003,5244,10072,39692.88,87,0,11.70),(5046,5007,5305,36488,51472.26,178,0,6.33),(5046,5010,5305,36488,13959.68,41,0,9.36),(5046,5013,5032,55318,42804.84,156,0,15.56),(5046,5014,5032,55318,12242.88,54,0,5.05),(5046,5015,5244,10072,15053.25,75,0,3.84),(5046,5021,5152,45792,14446.80,120,0,4.04),(5046,5024,5244,10072,8798.73,31,0,22.68),(5046,5029,5121,41814,26518.80,55,0,7.90),(5046,5033,5182,36944,36228.46,62,0,8.45),(5046,5034,5274,4076,18476.64,94,0,8.37),(5046,5038,5305,36488,14375.88,87,0,3.58),(5046,5042,5182,36944,40597.92,88,0,7.26),(5047,5003,5032,30727,17793.36,39,0,1.90),(5047,5017,5091,4486,6053.10,30,0,19.05),(5047,5021,5182,519,20707.08,172,0,24.93),(5047,5032,5182,519,12346.62,33,0,3.84),(5047,5037,5152,55025,27488.79,63,0,4.04),(5047,5038,5060,39707,10905.84,66,0,12.18),(5047,5038,5244,17314,1817.64,11,0,11.36),(5047,5039,5182,519,51699.33,183,0,27.86),(5047,5040,5274,37400,59168.10,167,0,5.72),(5048,5043,5274,18272,3251.64,14,0,NULL),(5048,5045,5060,4445,3691.53,9,0,NULL),(5048,5047,5060,4445,2768.04,6,0,NULL),(5048,5048,5060,4445,3393.00,6,0,NULL),(5048,5048,5274,18272,4524.00,8,0,NULL),(5048,5049,5060,7006,2384.00,8,0,NULL),(5048,5057,5060,4445,3538.08,18,0,NULL),(5048,5072,5060,4445,2969.46,18,0,NULL),(5048,5072,5274,18272,329.94,2,0,NULL),(5048,5073,5274,18272,3470.04,12,0,NULL),(5048,5097,5060,7006,3732.80,16,0,NULL),(5048,5097,5274,18272,466.60,2,0,NULL),(5048,5100,5060,7006,2798.70,5,0,NULL),(5048,5100,5274,18272,11194.80,20,0,NULL),(5048,5105,5060,4445,2149.70,5,0,NULL),(5048,5108,5060,7006,1371.95,5,0,NULL),(5048,5117,5060,4445,5037.03,9,0,NULL),(5048,5121,5274,18272,9132.30,18,0,NULL),(5048,5125,5060,7006,6108.62,14,0,NULL),(5048,5127,5060,7006,1954.44,4,0,NULL),(5048,5129,5060,7006,3188.70,9,0,NULL),(5048,5132,5274,18272,9405.00,19,0,NULL),(5048,5134,5060,7006,8166.01,19,0,NULL),(5048,5138,5274,18272,10195.60,20,0,NULL),(5049,5047,5032,19107,1384.02,3,0,NULL),(5049,5047,5244,19834,8304.12,18,0,NULL),(5049,5057,5182,11729,589.68,3,0,NULL),(5049,5066,5182,11729,2947.36,13,0,NULL),(5049,5066,5244,19834,4534.40,20,0,NULL),(5049,5067,5244,19834,7357.35,13,0,NULL),(5049,5073,5244,19834,1156.68,4,0,NULL),(5049,5077,5244,19834,2109.24,6,0,NULL),(5049,5081,5032,19107,2595.69,9,0,NULL),(5049,5081,5182,11729,3460.92,12,0,NULL),(5049,5090,5032,19107,1806.48,6,0,NULL),(5049,5090,5121,10780,5419.44,18,0,NULL),(5049,5101,5244,19834,3278.64,19,0,NULL),(5049,5103,5182,11729,1226.43,3,0,NULL),(5049,5125,5182,11729,7853.94,18,0,NULL),(5049,5127,5182,11729,9772.20,20,0,NULL),(5049,5129,5121,10780,1062.90,3,0,NULL),(5049,5129,5244,19834,2125.80,6,0,NULL),(5049,5130,5121,10780,5531.52,12,0,NULL),(5049,5133,5032,19107,2233.89,9,0,NULL),(5049,5134,5182,11729,5587.27,13,0,NULL),(5050,5143,5305,2482,30849.00,187,0,NULL),(5050,5144,5335,29890,70859.00,139,0,NULL),(5050,5158,5060,19977,56698.00,123,0,NULL),(5050,5161,5001,17274,8961.00,72,0,NULL),(5050,5163,5152,21148,28298.00,50,0,NULL),(5050,5196,5274,8640,31635.00,97,0,NULL),(5050,5206,5182,53712,44373.00,76,0,NULL),(5050,5211,5305,2482,30767.00,70,0,NULL),(5051,5009,5152,36449,65627.20,160,0,4.78),(5051,5013,5032,5007,30731.68,112,0,3.26),(5051,5014,5335,35684,15190.24,67,0,14.40),(5051,5015,5182,27649,12845.44,64,0,15.80),(5051,5018,5244,54184,40744.00,80,0,7.08),(5051,5022,5335,35684,14591.24,73,0,7.60),(5051,5030,5060,51689,16584.81,33,0,14.40),(5051,5035,5335,35684,63680.76,117,0,3.82),(5051,5037,5001,49494,68503.81,157,0,2.87),(5051,5038,5335,35684,19167.84,116,0,4.95),(5051,5040,5274,32889,34012.80,96,0,5.95),(5052,5162,5335,48973,5807.00,25,0,NULL),(5052,5168,5001,38801,40681.00,144,0,NULL),(5052,5178,5305,47746,63665.00,138,0,NULL),(5052,5182,5091,5911,6222.00,31,0,NULL),(5052,5185,5032,32801,6930.00,14,0,NULL),(5052,5189,5182,33943,27602.00,195,0,NULL),(5052,5226,5335,48973,16908.00,76,0,NULL),(5053,5045,5335,17756,4511.87,11,0,NULL),(5053,5047,5335,10884,6920.10,15,0,NULL),(5053,5049,5060,9309,3576.00,12,0,NULL),(5053,5049,5335,17756,3576.00,12,0,NULL),(5053,5055,5032,9339,3820.08,11,0,NULL),(5053,5063,5060,9309,2921.65,5,0,NULL),(5053,5072,5032,9339,2144.61,13,0,NULL),(5053,5072,5060,9309,2969.46,18,0,NULL),(5053,5077,5335,17756,3866.94,11,0,NULL),(5053,5079,5032,9339,2258.19,9,0,NULL),(5053,5084,5060,9309,3629.43,7,0,NULL),(5053,5094,5060,9309,5731.89,17,0,NULL),(5053,5111,5335,17756,3546.72,12,0,NULL),(5053,5117,5032,9339,6716.04,12,0,NULL),(5053,5117,5335,17756,3917.69,7,0,NULL),(5053,5121,5032,9339,9639.65,19,0,NULL),(5053,5121,5335,10884,7102.90,14,0,NULL),(5053,5125,5060,9309,2181.65,5,0,NULL),(5053,5126,5032,9339,3017.96,19,0,NULL),(5053,5129,5032,9339,6731.70,19,0,NULL),(5053,5131,5335,10884,7113.73,13,0,NULL),(5053,5132,5032,9339,1485.00,3,0,NULL),(5053,5134,5032,9339,2148.95,5,0,NULL),(5053,5134,5335,17756,859.58,2,0,NULL),(5054,5002,5060,6677,94309.30,185,0,8.70),(5054,5011,5091,34750,55419.00,98,0,7.24),(5054,5014,5305,44434,40129.44,177,0,5.01),(5054,5019,5305,44434,23992.08,84,0,7.08),(5054,5022,5274,25582,12792.32,64,0,10.10),(5054,5026,5274,25582,24405.92,49,0,22.92),(5054,5033,5152,39812,74209.91,127,0,33.21),(5054,5034,5152,39812,18673.20,95,0,1.71),(5054,5040,5274,25582,31178.40,88,0,7.80),(5054,5042,5091,34750,81657.18,177,0,11.12),(5055,5001,5001,42715,30560.64,88,0,13.90),(5055,5003,5182,16472,59311.20,130,0,8.34),(5055,5013,5182,16472,36219.48,132,0,2.60),(5055,5014,5274,53252,38769.12,171,0,7.74),(5055,5027,5032,44784,14442.02,118,0,10.57),(5055,5027,5305,20069,17012.21,139,0,20.52),(5055,5033,5060,47661,112775.69,193,0,8.61),(5055,5039,5091,12572,6497.73,23,0,23.84),(5055,5040,5060,47661,42870.30,121,0,22.50),(5056,5002,5001,35661,56075.80,110,0,11.52),(5056,5009,5305,37428,25020.37,61,0,21.96),(5056,5011,5001,35661,34495.50,61,0,25.84),(5056,5013,5091,43298,25518.27,93,0,15.96),(5056,5016,5001,35661,32763.72,132,0,7.98),(5056,5016,5121,21000,4964.20,20,0,19.46),(5056,5019,5152,47148,51125.98,179,0,11.20),(5056,5027,5060,47234,7710.57,63,0,19.35),(5056,5027,5121,21000,9056.86,74,0,25.04),(5056,5032,5091,43298,39658.84,106,0,22.77),(5056,5036,5091,43298,31556.52,54,0,8.76),(5058,5047,5274,16827,4613.40,10,0,NULL),(5058,5049,5274,5138,5066.00,17,0,NULL),(5058,5055,5152,19172,6598.32,19,0,NULL),(5058,5057,5091,2532,589.68,3,0,NULL),(5058,5066,5152,17036,4534.40,20,0,NULL),(5058,5066,5274,8093,680.16,3,0,NULL),(5058,5072,5152,19172,2639.52,16,0,NULL),(5058,5077,5091,2532,5624.64,16,0,NULL),(5058,5079,5152,17036,501.82,2,0,NULL),(5058,5094,5091,2532,4383.21,13,0,NULL),(5058,5100,5274,8093,9515.58,17,0,NULL),(5058,5101,5274,16827,345.12,2,0,NULL),(5058,5108,5152,17036,1920.73,7,0,NULL),(5058,5111,5091,2532,2068.92,7,0,NULL),(5058,5111,5152,17036,3546.72,12,0,NULL),(5058,5111,5274,16827,4728.96,16,0,NULL),(5058,5118,5152,19172,566.20,4,0,NULL),(5058,5121,5091,2532,7610.25,15,0,NULL),(5058,5121,5274,16827,2029.40,4,0,NULL),(5058,5125,5152,19172,8726.60,20,0,NULL),(5058,5125,5274,16827,872.66,2,0,NULL),(5058,5126,5274,5138,317.68,2,0,NULL),(5058,5127,5152,19172,9772.20,20,0,NULL),(5058,5129,5274,5138,1417.20,4,0,NULL),(5058,5130,5274,16827,9219.20,20,0,NULL),(5058,5131,5274,8093,10396.99,19,0,NULL),(5058,5133,5152,19172,1241.05,5,0,NULL),(5058,5134,5091,2532,5587.27,13,0,NULL),(5058,5137,5274,8093,4816.44,17,0,NULL),(5059,5090,5244,8002,1204.32,4,0,NULL),(5059,5125,5244,8002,2181.65,5,0,NULL),(5059,5131,5244,8002,8208.15,15,0,NULL),(5060,5075,5244,9135,3390.12,12,0,NULL),(5060,5084,5244,9135,9332.82,18,0,NULL),(5060,5090,5244,9135,3612.96,12,0,NULL),(5060,5098,5244,9135,791.40,2,0,NULL),(5060,5118,5244,9135,1273.95,9,0,NULL),(5062,5015,5121,23664,3211.36,16,0,34.02),(5062,5022,5121,23664,16789.92,84,0,12.75),(5062,5023,5060,49708,22130.68,52,0,7.71),(5062,5025,5182,18509,28972.58,91,0,10.40),(5062,5026,5244,45276,45325.28,91,0,1.38),(5062,5031,5091,14677,31363.75,125,0,1.66),(5062,5036,5121,23664,105188.40,180,0,1.07),(5062,5040,5091,14677,11691.90,33,0,14.08),(5062,5040,5152,6479,46767.60,132,0,10.26),(5062,5042,5244,45276,12456.18,27,0,14.40),(5063,5002,5091,54374,20391.20,40,0,14.22),(5063,5009,5305,40572,55372.95,135,0,5.55),(5063,5010,5121,31368,41879.04,123,0,12.60),(5063,5022,5121,31368,4197.48,21,0,12.90),(5063,5026,5032,3783,80190.88,161,0,8.19),(5063,5028,5335,20196,33693.84,114,0,3.26),(5063,5029,5121,31368,52555.44,109,0,8.79),(5063,5030,5274,31682,23118.22,46,0,2.39),(5063,5033,5274,31682,29216.50,50,0,9.09),(5063,5037,5274,31682,15707.88,36,0,12.60),(5063,5040,5274,31682,35075.70,99,0,4.98),(5063,5042,5121,31368,75659.76,164,0,14.10),(5064,5149,5091,3218,20944.00,48,0,NULL),(5064,5150,5032,38685,50837.00,87,0,NULL),(5064,5163,5244,3725,53765.00,95,0,NULL),(5064,5169,5152,29263,19556.00,58,0,NULL),(5064,5201,5335,11041,7375.00,20,0,NULL),(5064,5208,5244,3725,18451.00,93,0,NULL),(5064,5219,5274,39097,98620.00,198,0,NULL),(5064,5237,5152,29263,81098.00,149,0,NULL),(5064,5241,5091,3218,2162.00,16,0,NULL),(5064,5248,5274,39097,38445.00,138,0,NULL),(5065,5003,5152,27105,27830.64,61,0,6.51),(5065,5003,5274,32495,78473.28,172,0,2.54),(5065,5003,5335,51681,72998.40,160,0,12.96),(5065,5009,5274,32495,74240.77,181,0,3.50),(5065,5018,5305,23821,61625.30,121,0,10.64),(5065,5020,5091,25362,23660.77,119,0,8.94),(5065,5022,5032,2702,37977.20,190,0,28.62),(5065,5028,5305,23821,17142.48,58,0,7.02),(5065,5034,5182,28113,6289.92,32,0,1.42),(5065,5036,5274,32495,105772.78,181,0,15.40),(5065,5037,5091,25362,34470.07,79,0,34.02),(5065,5039,5121,54289,31923.63,113,0,3.52),(5066,5002,5032,17814,59134.48,116,0,3.50),(5066,5002,5182,18958,99916.88,196,0,11.40),(5066,5012,5121,55411,44268.37,103,0,7.84),(5066,5013,5152,51433,23597.54,86,0,18.45),(5066,5019,5060,32995,49697.88,174,0,19.04),(5066,5023,5060,32995,52773.16,124,0,3.66),(5066,5025,5001,24063,48393.76,152,0,29.20),(5066,5025,5182,18958,6685.98,21,0,7.56),(5066,5027,5335,42648,2570.19,21,0,12.70),(5066,5031,5182,18958,28352.83,113,0,10.40),(5066,5033,5182,18958,92908.47,159,0,6.63),(5067,5002,5152,10302,56585.58,111,0,20.76),(5067,5004,5001,37975,19045.32,82,0,10.14),(5067,5005,5060,32868,79798.95,141,0,15.28),(5067,5006,5335,19128,42614.00,143,0,10.71),(5067,5012,5305,23169,33523.62,78,0,27.72),(5067,5015,5091,19479,5619.88,28,0,7.50),(5067,5019,5152,10302,6283.64,22,0,12.70),(5067,5024,5274,14248,47399.61,167,0,17.84),(5067,5025,5091,19479,4138.94,13,0,2.86),(5067,5029,5244,28427,6268.08,13,0,8.95),(5067,5035,5032,41773,46263.80,85,0,10.74),(5067,5036,5305,23169,41490.98,71,0,2.30),(5068,5148,5274,26570,20490.00,59,0,NULL),(5068,5155,5335,37946,11604.00,27,0,NULL),(5068,5157,5244,1389,31609.00,199,0,NULL),(5068,5174,5032,50591,78342.00,191,0,NULL),(5068,5178,5152,18995,41982.00,91,0,NULL),(5068,5182,5182,27946,10036.00,50,0,NULL),(5068,5188,5274,26570,45109.00,87,0,NULL),(5068,5195,5001,8725,74792.00,157,0,NULL),(5068,5218,5060,33863,41316.00,137,0,NULL),(5068,5232,5121,22998,41097.00,98,0,NULL),(5068,5235,5152,18995,65837.00,131,0,NULL),(5068,5243,5244,1389,54624.00,146,0,NULL),(5068,5243,5305,43469,29557.00,79,0,NULL),(5069,5164,5244,22423,27362.00,56,0,NULL),(5069,5165,5274,29828,31029.00,133,0,NULL),(5069,5168,5121,22327,28816.00,102,0,NULL),(5069,5168,5274,29828,46332.00,164,0,NULL),(5069,5170,5152,18497,80987.00,148,0,NULL),(5069,5181,5091,47577,6624.00,22,0,NULL),(5069,5189,5244,22423,10758.00,76,0,NULL),(5069,5199,5060,48751,15443.00,64,0,NULL),(5069,5205,5091,47577,24058.00,121,0,NULL),(5069,5213,5274,29828,28336.00,89,0,NULL),(5069,5215,5305,38649,6874.00,23,0,NULL),(5069,5222,5032,2016,14803.00,31,0,NULL),(5069,5227,5335,42542,16689.00,101,0,NULL),(5069,5229,5305,38649,53520.00,111,0,NULL),(5069,5243,5060,48751,68842.00,184,0,NULL),(5070,5045,5060,9155,4511.87,11,0,NULL),(5070,5047,5335,11133,8765.46,19,0,NULL),(5070,5048,5060,9155,6786.00,12,0,NULL),(5070,5067,5091,2876,7923.30,14,0,NULL),(5070,5073,5060,9155,3180.87,11,0,NULL),(5070,5077,5060,9155,3515.40,10,0,NULL),(5070,5097,5091,2876,3499.50,15,0,NULL),(5070,5121,5091,2876,7102.90,14,0,NULL),(5070,5126,5335,11133,635.36,4,0,NULL),(5070,5138,5060,9155,6117.36,12,0,NULL),(5070,5138,5091,2876,1019.56,2,0,NULL),(5070,5139,5335,11133,4950.40,10,0,NULL),(5070,5141,5091,2876,1120.14,9,0,NULL),(5071,5146,5244,48397,27600.00,110,0,NULL),(5071,5152,5305,14828,11195.00,20,0,NULL),(5071,5156,5091,12159,64921.00,151,0,NULL),(5071,5194,5121,16499,112146.00,194,0,NULL),(5071,5214,5032,55517,14706.00,109,0,NULL),(5071,5219,5182,43321,53295.00,107,0,NULL),(5071,5229,5001,751,39537.00,82,0,NULL),(5071,5233,5244,48397,36930.00,75,0,NULL),(5071,5234,5244,48397,6166.00,37,0,NULL),(5071,5242,5335,18844,34937.00,66,0,NULL),(5071,5244,5335,18844,31725.00,110,0,NULL),(5073,5147,5305,13529,27815.00,98,0,NULL),(5073,5149,5182,22449,74612.00,171,0,NULL),(5073,5152,5001,48465,35823.00,64,0,NULL),(5073,5156,5060,3821,62341.00,145,0,NULL),(5073,5165,5182,22449,44560.00,191,0,NULL),(5073,5178,5091,38777,5536.00,12,0,NULL),(5073,5195,5244,44033,59071.00,124,0,NULL),(5073,5224,5244,44033,11419.00,111,0,NULL),(5073,5230,5032,50570,28931.00,125,0,NULL),(5073,5230,5274,22415,40041.00,173,0,NULL),(5073,5244,5305,13529,30571.00,106,0,NULL),(5074,5013,5182,29070,13719.50,50,0,3.82),(5074,5019,5152,20061,43699.86,153,0,5.30),(5074,5022,5305,35088,15590.64,78,0,18.55),(5074,5023,5032,27406,62987.32,148,0,21.42),(5074,5024,5182,29070,20719.59,73,0,12.33),(5074,5026,5121,23483,41340.64,83,0,31.14),(5074,5026,5335,39159,12452.00,25,0,12.16),(5074,5027,5060,28455,18236.11,149,0,20.28),(5074,5032,5121,23483,16836.30,45,0,2.06),(5074,5032,5274,42020,53127.88,142,0,8.70),(5074,5032,5305,35088,23570.82,63,0,12.66),(5074,5036,5091,32277,116291.62,199,0,17.46),(5074,5038,5001,23596,10740.60,65,0,2.46),(5074,5038,5032,27406,7270.56,44,0,1.25),(5074,5038,5121,23483,25446.96,154,0,16.90),(5075,5043,5244,7399,4412.94,19,0,NULL),(5075,5047,5060,13022,7842.78,17,0,NULL),(5075,5047,5335,11412,8304.12,18,0,NULL),(5075,5049,5060,13022,3278.00,11,0,NULL),(5075,5057,5244,7399,1179.36,6,0,NULL),(5075,5063,5060,13022,4090.31,7,0,NULL),(5075,5065,5335,11412,7014.84,12,0,NULL),(5075,5067,5244,7399,5093.55,9,0,NULL),(5075,5084,5335,11412,2592.45,5,0,NULL),(5075,5094,5060,13022,4720.38,14,0,NULL),(5075,5098,5244,7399,7914.00,20,0,NULL),(5075,5098,5335,11412,7518.30,19,0,NULL),(5075,5118,5335,11412,707.75,5,0,NULL),(5075,5121,5060,13022,3551.45,7,0,NULL),(5075,5125,5060,13022,6981.28,16,0,NULL),(5075,5125,5335,11412,5672.29,13,0,NULL),(5075,5127,5060,13022,1465.83,3,0,NULL),(5075,5131,5335,11412,7660.94,14,0,NULL),(5075,5133,5335,11412,1489.26,6,0,NULL),(5075,5137,5060,13022,5099.76,18,0,NULL),(5076,5149,5182,33729,19635.00,45,0,NULL),(5076,5187,5121,23780,9406.00,19,0,NULL),(5076,5188,5305,2216,16592.00,32,0,NULL),(5076,5203,5274,28391,53411.00,187,0,NULL),(5076,5222,5032,42732,31039.00,65,0,NULL),(5076,5232,5032,42732,52839.00,126,0,NULL),(5076,5247,5274,28391,3473.00,12,0,NULL),(5077,5002,5121,19882,68310.52,134,0,20.24),(5077,5004,5182,32720,26477.64,114,0,19.02),(5077,5006,5182,32720,36058.00,121,0,15.28),(5077,5007,5274,53530,28917.00,100,0,8.82),(5077,5015,5001,9092,11841.89,59,0,1.62),(5077,5023,5032,17278,63412.91,149,0,19.84),(5077,5023,5152,24095,74478.25,175,0,12.60),(5077,5026,5244,51557,19923.20,40,0,11.12),(5077,5029,5001,9092,51108.96,106,0,34.83),(5077,5029,5152,24095,73770.48,153,0,12.05),(5077,5032,5152,24095,24693.24,66,0,4.90),(5077,5034,5182,32720,24176.88,123,0,27.27),(5078,5111,5244,5155,1773.36,6,0,NULL),(5079,5146,5244,44366,45164.00,180,0,NULL),(5079,5147,5060,46741,42291.00,149,0,NULL),(5079,5165,5182,39298,7932.00,34,0,NULL),(5079,5181,5001,32578,20172.00,67,0,NULL),(5079,5183,5091,42595,33649.00,195,0,NULL),(5079,5192,5182,39298,93864.00,179,0,NULL),(5079,5219,5305,10824,23908.00,48,0,NULL),(5079,5221,5091,42595,27440.00,177,0,NULL),(5080,5043,5305,13178,464.52,2,0,NULL),(5080,5047,5335,15693,3690.72,8,0,NULL),(5080,5048,5305,13178,2827.50,5,0,NULL),(5080,5053,5305,13178,680.96,2,0,NULL),(5080,5065,5305,13178,5845.70,10,0,NULL),(5080,5067,5060,9108,6225.45,11,0,NULL),(5080,5081,5060,9108,3172.51,11,0,NULL),(5080,5084,5152,12980,6221.88,12,0,NULL),(5080,5084,5305,13178,9851.31,19,0,NULL),(5080,5105,5152,12980,2149.70,5,0,NULL),(5080,5117,5060,9108,1679.01,3,0,NULL),(5080,5124,5060,9108,5392.77,19,0,NULL),(5080,5126,5335,15693,2859.12,18,0,NULL),(5080,5127,5152,12980,7817.76,16,0,NULL),(5080,5127,5305,13178,5863.32,12,0,NULL),(5080,5132,5060,9108,6930.00,14,0,NULL),(5080,5134,5152,12980,2148.95,5,0,NULL),(5080,5134,5305,13178,4727.69,11,0,NULL),(5080,5139,5305,13178,8415.68,17,0,NULL),(5081,5146,5032,6078,34876.00,139,0,NULL),(5081,5160,5152,6170,77561.00,170,0,NULL),(5081,5188,5032,6078,34739.00,67,0,NULL),(5081,5199,5032,6078,8204.00,34,0,NULL),(5081,5201,5305,42848,31713.00,86,0,NULL),(5081,5207,5091,1236,9390.00,78,0,NULL),(5081,5214,5032,6078,13897.00,103,0,NULL),(5081,5223,5244,23965,23988.00,196,0,NULL),(5081,5224,5335,47277,13476.00,131,0,NULL),(5081,5233,5001,41212,10833.00,22,0,NULL),(5081,5236,5305,42848,11899.00,21,0,NULL),(5081,5242,5152,6170,8470.00,16,0,NULL),(5081,5242,5305,42848,71462.00,135,0,NULL),(5081,5246,5060,52900,83878.00,170,0,NULL),(5083,5043,5060,14754,464.52,2,0,NULL),(5083,5048,5244,19824,5655.00,10,0,NULL),(5083,5056,5244,19824,3612.78,18,0,NULL),(5083,5057,5244,19824,2948.40,15,0,NULL),(5083,5065,5032,18255,6430.27,11,0,NULL),(5083,5073,5091,8630,1735.02,6,0,NULL),(5083,5075,5032,18255,5650.20,20,0,NULL),(5083,5079,5032,18255,2760.01,11,0,NULL),(5083,5100,5032,18255,1679.22,3,0,NULL),(5083,5105,5091,8630,3439.52,8,0,NULL),(5083,5105,5244,19824,859.88,2,0,NULL),(5083,5111,5032,18255,3842.28,13,0,NULL),(5083,5127,5060,14754,4397.49,9,0,NULL),(5083,5133,5060,14754,3226.73,13,0,NULL),(5083,5138,5244,19824,6117.36,12,0,NULL),(5084,5152,5091,48859,111948.00,200,0,NULL),(5084,5156,5121,2204,24937.00,58,0,NULL),(5084,5160,5152,5285,80298.00,176,0,NULL),(5084,5167,5152,5285,51183.00,177,0,NULL),(5084,5168,5121,2204,9888.00,35,0,NULL),(5084,5211,5244,2114,27251.00,62,0,NULL),(5084,5218,5032,5386,49459.00,164,0,NULL),(5084,5219,5032,5386,63256.00,127,0,NULL),(5084,5221,5305,31507,14573.00,94,0,NULL),(5084,5239,5182,52133,7713.00,72,0,NULL),(5085,5061,5305,15412,5018.64,11,0,NULL),(5085,5125,5305,15412,1745.32,4,0,NULL),(5086,5003,5274,38818,26005.68,57,0,17.55),(5086,5004,5274,38818,17187.24,74,0,12.00),(5086,5006,5244,38896,46488.00,156,0,5.66),(5086,5008,5305,29951,60451.92,108,0,17.52),(5086,5010,5152,11149,30983.68,91,0,15.03),(5086,5012,5335,50104,67047.24,156,0,6.00),(5086,5013,5032,35415,4390.24,16,0,27.09),(5086,5018,5182,20003,45327.70,89,0,8.37),(5086,5021,5152,11149,13965.24,116,0,14.10),(5086,5026,5152,11149,17930.88,36,0,29.43),(5086,5032,5091,16084,6360.38,17,0,5.58),(5086,5035,5274,38818,66946.44,123,0,14.28),(5086,5035,5335,50104,74022.08,136,0,11.00),(5086,5037,5032,35415,40578.69,93,0,5.24),(5086,5039,5182,20003,20340.72,72,0,2.20),(5086,5040,5001,7186,54562.20,154,0,7.55),(5086,5041,5305,29951,113991.15,195,0,4.26),(5086,5042,5274,38818,16608.24,36,0,14.56),(5087,5145,5335,53818,38473.00,155,0,NULL),(5087,5149,5060,5668,51051.00,117,0,NULL),(5087,5150,5335,53818,52005.00,89,0,NULL),(5087,5159,5091,9469,17305.00,60,0,NULL),(5087,5195,5032,38765,31441.00,66,0,NULL),(5087,5200,5091,9469,37764.00,163,0,NULL),(5087,5214,5032,38765,7960.00,59,0,NULL),(5087,5216,5335,53818,45330.00,167,0,NULL),(5087,5232,5182,29761,23065.00,55,0,NULL),(5087,5233,5335,53818,70413.00,143,0,NULL),(5087,5243,5121,18541,56869.00,152,0,NULL),(5088,5001,5244,26585,27435.12,79,0,9.00),(5088,5003,5335,40295,27830.64,61,0,8.22),(5088,5004,5335,40295,19509.84,84,0,21.36),(5088,5006,5182,49813,50064.00,168,0,10.36),(5088,5012,5182,49813,42979.00,100,0,11.34),(5088,5013,5274,49424,35670.70,130,0,1.05),(5088,5014,5032,42135,7708.48,34,0,3.19),(5088,5021,5274,49424,19984.74,166,0,11.25),(5088,5024,5244,26585,42858.33,151,0,28.64),(5088,5029,5305,12778,88235.28,183,0,10.85),(5088,5032,5274,49424,49386.48,132,0,12.70),(5088,5034,5152,49057,32825.52,167,0,30.87),(5088,5039,5060,17747,12995.46,46,0,8.96),(5089,5079,5182,7466,2007.28,8,0,NULL),(5089,5105,5182,7466,6879.04,16,0,NULL),(5089,5111,5182,7466,4433.40,15,0,NULL),(5089,5117,5182,7466,7275.71,13,0,NULL),(5089,5138,5182,7466,4588.02,9,0,NULL),(5089,5141,5182,7466,1991.36,16,0,NULL),(5090,5157,5244,17681,21761.00,137,0,NULL),(5090,5159,5032,21373,6922.00,24,0,NULL),(5090,5195,5274,7381,20484.00,43,0,NULL),(5090,5200,5244,17681,12511.00,54,0,NULL),(5090,5203,5001,7295,17423.00,61,0,NULL),(5090,5209,5335,50349,6596.00,33,0,NULL),(5090,5231,5001,7295,25321.00,195,0,NULL),(5091,5003,5121,42322,45167.76,99,0,3.28),(5091,5005,5305,30706,52633.35,93,0,3.32),(5091,5006,5152,53495,19072.00,64,0,17.92),(5091,5010,5091,2958,29281.28,86,0,2.36),(5091,5015,5001,42277,32314.31,161,0,7.08),(5091,5017,5274,39612,31677.89,157,0,17.28),(5091,5018,5121,42322,59078.80,116,0,24.50),(5091,5019,5335,34531,3713.06,13,0,14.98),(5091,5022,5335,34531,16789.92,84,0,7.26),(5091,5025,5001,42277,24833.64,78,0,9.87),(5091,5027,5001,42277,19215.23,157,0,11.10),(5091,5039,5032,46307,8475.30,30,0,14.55),(5092,5150,5335,26982,6428.00,11,0,NULL),(5092,5158,5305,23112,37799.00,82,0,NULL),(5092,5161,5091,12421,17922.00,144,0,NULL),(5092,5166,5182,16407,47382.00,159,0,NULL),(5092,5168,5060,40666,26556.00,94,0,NULL),(5092,5171,5335,26982,10654.00,21,0,NULL),(5092,5176,5001,45750,16684.00,49,0,NULL),(5092,5181,5305,23112,52990.00,176,0,NULL),(5092,5193,5001,45750,57253.00,115,0,NULL),(5092,5200,5335,26982,21546.00,93,0,NULL),(5092,5205,5121,21332,1988.00,10,0,NULL),(5092,5206,5335,26982,44956.00,77,0,NULL),(5092,5214,5091,12421,13627.00,101,0,NULL),(5092,5220,5060,40666,57887.00,182,0,NULL),(5092,5223,5152,25333,13341.00,109,0,NULL),(5092,5224,5335,26982,15431.00,150,0,NULL),(5092,5227,5274,22020,12889.00,78,0,NULL),(5092,5228,5121,21332,52494.00,129,0,NULL),(5092,5228,5335,26982,80979.00,199,0,NULL),(5092,5239,5060,40666,14891.00,139,0,NULL),(5092,5245,5091,12421,22264.00,70,0,NULL),(5092,5246,5001,45750,96706.00,196,0,NULL),(5093,5047,5274,12460,6920.10,15,0,NULL),(5093,5081,5182,14046,2307.28,8,0,NULL),(5093,5100,5274,12460,1119.48,2,0,NULL),(5093,5130,5182,14046,3226.72,7,0,NULL),(5093,5137,5274,12460,3966.48,14,0,NULL),(5093,5139,5274,12460,2475.20,5,0,NULL),(5094,5158,5001,12905,44252.00,96,0,NULL),(5094,5165,5001,12905,25663.00,110,0,NULL),(5094,5195,5335,27566,20961.00,44,0,NULL),(5094,5200,5335,27566,12974.00,56,0,NULL),(5094,5216,5244,30268,26873.00,99,0,NULL),(5094,5217,5152,2898,22190.00,153,0,NULL),(5094,5233,5032,16947,85185.00,173,0,NULL),(5095,5145,5305,9929,11169.00,45,0,NULL),(5095,5152,5091,36813,66609.00,119,0,NULL),(5095,5160,5244,46700,57486.00,126,0,NULL),(5095,5167,5152,28801,18796.00,65,0,NULL),(5095,5189,5001,24920,13730.00,97,0,NULL),(5095,5192,5182,29827,5244.00,10,0,NULL),(5095,5194,5121,25031,12139.00,21,0,NULL),(5095,5198,5060,13398,27441.00,136,0,NULL),(5095,5202,5305,9929,31067.00,61,0,NULL),(5095,5226,5091,36813,23138.00,104,0,NULL),(5095,5235,5182,29827,93981.00,187,0,NULL),(5096,5000,5305,17657,18476.64,112,0,15.12),(5096,5003,5152,43893,91248.00,200,0,16.40),(5096,5005,5032,43338,108096.45,191,0,2.89),(5096,5005,5305,17657,102436.95,181,0,8.10),(5096,5007,5001,15817,18217.71,63,0,8.85),(5096,5009,5091,14719,58654.31,143,0,10.80),(5096,5011,5244,5620,75211.50,133,0,11.36),(5096,5014,5335,14745,9068.80,40,0,8.73),(5096,5021,5001,15817,21188.64,176,0,9.66),(5096,5024,5032,43338,9934.05,35,0,22.88),(5096,5025,5060,52217,32156.38,101,0,2.88),(5096,5025,5182,13961,31838.00,100,0,17.68),(5096,5026,5274,15317,56781.12,114,0,13.64),(5096,5033,5152,43893,43824.75,75,0,36.00),(5096,5034,5335,14745,33218.64,169,0,22.68),(5097,5055,5182,13777,1389.12,4,0,NULL),(5097,5056,5032,12370,1204.26,6,0,NULL),(5097,5057,5032,12370,1769.04,9,0,NULL),(5097,5061,5060,8872,4562.40,10,0,NULL),(5097,5063,5305,15848,8764.95,15,0,NULL),(5097,5072,5182,13777,3134.43,19,0,NULL),(5097,5075,5060,8872,4520.16,16,0,NULL),(5097,5090,5060,8872,6021.60,20,0,NULL),(5097,5090,5152,11289,5118.36,17,0,NULL),(5097,5097,5032,12370,2099.70,9,0,NULL),(5097,5097,5305,15848,1866.40,8,0,NULL),(5097,5098,5305,15848,7914.00,20,0,NULL),(5097,5100,5032,12370,1679.22,3,0,NULL),(5097,5108,5060,18582,4115.85,15,0,NULL),(5097,5108,5152,11289,3841.46,14,0,NULL),(5097,5117,5032,12370,5596.70,10,0,NULL),(5097,5121,5305,15848,5073.50,10,0,NULL),(5097,5131,5060,8872,4377.68,8,0,NULL),(5097,5131,5152,11289,9302.57,17,0,NULL),(5097,5132,5152,11289,7920.00,16,0,NULL),(5097,5133,5152,11289,2978.52,12,0,NULL),(5097,5139,5060,8872,990.08,2,0,NULL),(5098,5048,5032,3205,1131.00,2,0,NULL),(5098,5057,5060,13907,1179.36,6,0,NULL),(5098,5063,5274,13036,2921.65,5,0,NULL),(5098,5066,5032,3205,1360.32,6,0,NULL),(5098,5067,5032,3205,2829.75,5,0,NULL),(5098,5067,5274,13036,5093.55,9,0,NULL),(5098,5072,5060,13907,3299.40,20,0,NULL),(5098,5073,5060,13907,4915.89,17,0,NULL),(5098,5073,5274,18196,4048.38,14,0,NULL),(5098,5075,5060,13907,5367.69,19,0,NULL),(5098,5079,5060,13907,1254.55,5,0,NULL),(5098,5081,5244,13960,3749.33,13,0,NULL),(5098,5081,5274,13036,2307.28,8,0,NULL),(5098,5101,5060,13907,2760.96,16,0,NULL),(5098,5117,5274,13036,10633.73,19,0,NULL),(5098,5121,5274,13036,7102.90,14,0,NULL),(5098,5124,5274,13036,1135.32,4,0,NULL),(5098,5134,5274,13036,8595.80,20,0,NULL),(5098,5137,5274,13036,3683.16,13,0,NULL),(5098,5139,5274,18196,1485.12,3,0,NULL),(5099,5001,5091,13700,16669.44,48,0,14.21),(5099,5008,5335,49354,33024.66,59,0,11.76),(5099,5011,5182,41155,28840.50,51,0,1.71),(5099,5015,5152,50033,19669.58,98,0,5.76),(5099,5018,5182,41155,83015.90,163,0,16.70),(5099,5020,5032,18641,37976.53,191,0,15.44),(5099,5021,5182,41155,4695.21,39,0,7.50),(5099,5025,5152,50033,16555.76,52,0,12.40),(5099,5028,5335,49354,45220.68,153,0,11.30),(5099,5030,5274,46577,35682.47,71,0,3.84),(5099,5033,5060,9714,109854.04,188,0,18.90),(5099,5039,5032,18641,10170.36,36,0,21.20),(5099,5042,5032,18641,35061.84,76,0,14.58),(5100,5147,5060,4279,4257.00,15,0,NULL),(5100,5151,5121,42770,31920.00,108,0,NULL),(5100,5172,5244,16396,13599.00,48,0,NULL),(5100,5178,5305,50037,10149.00,22,0,NULL),(5100,5188,5152,12407,19184.00,37,0,NULL),(5100,5198,5152,12407,30266.00,150,0,NULL),(5100,5209,5032,13083,22187.00,111,0,NULL),(5100,5226,5032,13083,36487.00,164,0,NULL),(5100,5232,5274,40933,7548.00,18,0,NULL),(5100,5233,5152,12407,70413.00,143,0,NULL),(5102,5043,5182,7201,1858.08,8,0,NULL),(5102,5047,5091,51,5074.74,11,0,NULL),(5102,5047,5121,17640,7381.44,16,0,NULL),(5102,5049,5182,7201,1788.00,6,0,NULL),(5102,5055,5274,1453,1736.40,5,0,NULL),(5102,5056,5182,7201,3412.07,17,0,NULL),(5102,5057,5091,51,2751.84,14,0,NULL),(5102,5061,5182,7201,3649.92,8,0,NULL),(5102,5063,5121,17640,4674.64,8,0,NULL),(5102,5065,5274,1453,4091.99,7,0,NULL),(5102,5073,5091,51,5205.06,18,0,NULL),(5102,5075,5091,51,4520.16,16,0,NULL),(5102,5079,5274,1453,501.82,2,0,NULL),(5102,5081,5182,7201,4614.56,16,0,NULL),(5102,5081,5274,9506,1442.05,5,0,NULL),(5102,5090,5182,7201,1204.32,4,0,NULL),(5102,5090,5274,1453,3311.88,11,0,NULL),(5102,5108,5274,9506,5213.41,19,0,NULL),(5102,5111,5274,9506,3251.16,11,0,NULL),(5102,5118,5274,9506,2123.25,15,0,NULL),(5102,5121,5091,51,5580.85,11,0,NULL),(5102,5125,5274,9506,6981.28,16,0,NULL),(5102,5131,5182,7201,8208.15,15,0,NULL),(5102,5132,5091,51,7425.00,15,0,NULL),(5102,5137,5121,17640,1699.92,6,0,NULL),(5102,5139,5274,9506,7920.64,16,0,NULL),(5104,5003,5274,22808,40605.36,89,0,18.24),(5104,5003,5305,23970,15055.92,33,0,14.28),(5104,5006,5244,1680,16688.00,56,0,8.96),(5104,5009,5335,27801,22149.18,54,0,13.72),(5104,5015,5121,8820,26493.72,132,0,29.07),(5104,5016,5001,54190,3723.15,15,0,2.92),(5104,5017,5305,23970,7263.72,36,0,23.31),(5104,5019,5032,30713,29704.48,104,0,3.25),(5104,5024,5274,22808,7947.24,28,0,9.20),(5104,5031,5121,8820,4265.47,17,0,3.54),(5104,5037,5182,36242,54977.58,126,0,4.08),(5104,5041,5091,82,14029.68,24,0,27.51),(5105,5056,5032,16230,802.84,4,0,NULL),(5105,5081,5032,16230,2595.69,9,0,NULL),(5105,5126,5032,16230,317.68,2,0,NULL),(5105,5141,5032,16230,622.30,5,0,NULL),(5106,5055,5001,17163,3820.08,11,0,NULL),(5106,5066,5001,17163,4307.68,19,0,NULL),(5106,5101,5001,17163,3451.20,20,0,NULL),(5106,5125,5001,17163,8290.27,19,0,NULL),(5106,5137,5001,17163,1983.24,7,0,NULL),(5107,5004,5182,41175,38322.90,165,0,11.45),(5107,5006,5182,41175,32482.00,109,0,14.82),(5107,5012,5060,41078,14612.86,34,0,13.92),(5107,5015,5091,9775,15856.09,79,0,13.20),(5107,5018,5335,44815,50930.00,100,0,25.41),(5107,5023,5121,36103,60008.19,141,0,5.95),(5107,5028,5335,44815,53200.80,180,0,10.92),(5107,5033,5091,9775,29216.50,50,0,13.60),(5107,5037,5091,9775,34470.07,79,0,9.40),(5107,5038,5032,32285,5783.40,35,0,3.10),(5108,5043,5060,19489,464.52,2,0,NULL),(5108,5045,5060,19489,7793.23,19,0,NULL),(5108,5048,5060,19489,6786.00,12,0,NULL),(5108,5057,5152,4615,786.24,4,0,NULL),(5108,5066,5152,4615,4534.40,20,0,NULL),(5108,5067,5060,19489,5093.55,9,0,NULL),(5108,5073,5060,19489,5205.06,18,0,NULL),(5108,5079,5152,4615,3763.65,15,0,NULL),(5108,5097,5060,19489,699.90,3,0,NULL),(5108,5108,5152,4615,1646.34,6,0,NULL),(5108,5125,5060,19489,7853.94,18,0,NULL),(5108,5126,5152,4615,2541.44,16,0,NULL),(5108,5127,5152,4615,2443.05,5,0,NULL),(5109,5172,5244,5296,21816.00,77,0,NULL),(5109,5185,5091,48206,70290.00,142,0,NULL),(5109,5194,5060,55364,59541.00,103,0,NULL),(5109,5195,5182,42796,40016.00,84,0,NULL),(5109,5198,5274,41409,3228.00,16,0,NULL),(5109,5201,5001,38996,18438.00,50,0,NULL),(5109,5203,5060,55364,4570.00,16,0,NULL),(5109,5217,5274,41409,25525.00,176,0,NULL),(5109,5221,5152,42992,12712.00,82,0,NULL),(5109,5221,5305,24328,29766.00,192,0,NULL),(5109,5223,5152,42992,23866.00,195,0,NULL),(5109,5229,5032,18787,57377.00,119,0,NULL),(5109,5242,5001,38996,105870.00,200,0,NULL),(5110,5005,5152,3884,78101.10,138,0,18.40),(5110,5006,5152,3884,36952.00,124,0,17.43),(5110,5011,5335,54613,104052.00,184,0,17.64),(5110,5012,5244,10128,24068.24,56,0,6.48),(5110,5016,5001,31913,2482.10,10,0,15.60),(5110,5019,5060,36888,25991.42,91,0,15.54),(5110,5022,5032,28001,15990.40,80,0,6.52),(5110,5025,5121,17820,39479.12,124,0,30.51),(5110,5025,5274,4033,26743.92,84,0,13.74),(5110,5035,5152,3884,96337.56,177,0,4.42),(5110,5039,5152,3884,39268.89,139,0,3.12),(5110,5041,5182,22839,7014.84,12,0,25.44),(5110,5042,5305,40650,11072.16,24,0,11.61),(5111,5004,5152,54243,22993.74,99,0,15.66),(5111,5004,5244,36591,40645.50,175,0,15.30),(5111,5004,5305,40124,14864.64,64,0,20.72),(5111,5007,5091,11597,4048.38,14,0,28.40),(5111,5013,5152,54243,49115.81,179,0,27.09),(5111,5013,5305,40124,29908.51,109,0,2.88),(5111,5021,5305,40124,9029.25,75,0,11.28),(5111,5024,5091,11597,22138.74,78,0,23.76),(5111,5030,5274,6277,80913.77,161,0,14.63),(5111,5034,5001,44197,20245.68,103,0,8.04),(5111,5035,5182,7627,101236.08,186,0,21.15),(5111,5037,5244,36591,47123.64,108,0,8.82),(5111,5038,5274,6277,14375.88,87,0,7.80),(5111,5041,5001,44197,27474.79,47,0,12.36),(5111,5042,5001,44197,89961.30,195,0,5.97),(5112,5045,5121,12491,4511.87,11,0,NULL),(5112,5048,5121,12491,9613.50,17,0,NULL),(5112,5049,5244,16061,5662.00,19,0,NULL),(5112,5056,5244,16061,1003.55,5,0,NULL),(5112,5057,5121,12491,393.12,2,0,NULL),(5112,5065,5121,12491,8768.55,15,0,NULL),(5112,5079,5121,12491,4014.56,16,0,NULL),(5112,5090,5121,12491,1505.40,5,0,NULL),(5112,5101,5244,16061,2070.72,12,0,NULL),(5112,5105,5121,12491,3439.52,8,0,NULL),(5112,5124,5121,12491,4257.45,15,0,NULL),(5112,5125,5244,16061,2181.65,5,0,NULL),(5112,5127,5244,16061,9283.59,19,0,NULL),(5112,5130,5121,12491,1843.84,4,0,NULL),(5112,5132,5121,12491,1485.00,3,0,NULL),(5112,5134,5121,12491,859.58,2,0,NULL),(5112,5137,5121,12491,5099.76,18,0,NULL),(5112,5137,5244,16061,2549.88,9,0,NULL),(5113,5048,5001,12754,5655.00,10,0,NULL),(5113,5053,5001,18961,680.96,2,0,NULL),(5113,5057,5305,15613,786.24,4,0,NULL),(5113,5065,5001,12754,3507.42,6,0,NULL),(5113,5065,5335,1742,1753.71,3,0,NULL),(5113,5072,5305,15613,2639.52,16,0,NULL),(5113,5097,5001,18961,3966.10,17,0,NULL),(5113,5101,5305,15613,2070.72,12,0,NULL),(5113,5108,5335,1742,1920.73,7,0,NULL),(5113,5117,5001,18961,4477.36,8,0,NULL),(5113,5117,5305,15613,6156.37,11,0,NULL),(5113,5117,5335,1742,10074.06,18,0,NULL),(5113,5124,5001,12754,851.49,3,0,NULL),(5113,5124,5305,15613,1702.98,6,0,NULL),(5113,5124,5335,1742,3405.96,12,0,NULL),(5113,5126,5305,15613,2382.60,15,0,NULL),(5113,5129,5305,15613,6731.70,19,0,NULL),(5113,5132,5001,12754,2475.00,5,0,NULL),(5113,5134,5001,12754,859.58,2,0,NULL),(5113,5134,5335,1742,2148.95,5,0,NULL),(5113,5138,5305,15613,7136.92,14,0,NULL),(5113,5139,5001,12754,1980.16,4,0,NULL),(5114,5048,5335,13844,2827.50,5,0,NULL),(5114,5055,5335,13844,4861.92,14,0,NULL),(5114,5067,5182,11078,2829.75,5,0,NULL),(5114,5098,5182,11078,2374.20,6,0,NULL),(5114,5130,5335,13844,1382.88,3,0,NULL),(5114,5132,5182,11078,8910.00,18,0,NULL),(5114,5133,5335,13844,1241.05,5,0,NULL),(5114,5134,5335,13844,1719.16,4,0,NULL),(5114,5137,5182,11078,849.96,3,0,NULL),(5114,5137,5335,13844,3116.52,11,0,NULL),(5114,5141,5335,13844,871.22,7,0,NULL),(5115,5003,5001,5407,29199.36,64,0,16.92),(5115,5009,5182,425,70959.41,173,0,12.81),(5115,5014,5244,27236,30380.48,134,0,12.84),(5115,5016,5305,3811,27799.52,112,0,9.60),(5115,5021,5121,43472,11557.44,96,0,19.25),(5115,5023,5335,24304,31919.25,75,0,3.18),(5115,5027,5060,23898,6486.67,53,0,23.22),(5115,5027,5244,27236,13462.90,110,0,15.40),(5115,5035,5091,52149,67490.72,124,0,12.48),(5115,5039,5060,23898,32771.16,116,0,8.40),(5115,5041,5305,3811,16952.53,29,0,10.78),(5116,5158,5274,49442,39643.00,86,0,NULL),(5116,5160,5274,49442,75736.00,166,0,NULL),(5116,5171,5091,4397,73058.00,144,0,NULL),(5116,5180,5182,53892,34008.00,150,0,NULL),(5116,5192,5032,52389,7866.00,15,0,NULL),(5116,5199,5274,49442,44641.00,185,0,NULL),(5116,5200,5305,40265,21315.00,92,0,NULL),(5116,5201,5032,52389,5163.00,14,0,NULL),(5116,5208,5060,31853,7539.00,38,0,NULL),(5116,5215,5091,4397,49911.00,167,0,NULL),(5116,5229,5091,4397,46770.00,97,0,NULL),(5116,5242,5060,31853,79932.00,151,0,NULL),(5116,5242,5274,49442,39701.00,75,0,NULL),(5116,5243,5001,26936,9354.00,25,0,NULL),(5117,5144,5152,39286,58115.00,114,0,NULL),(5117,5150,5032,25324,64276.00,110,0,NULL),(5117,5153,5335,54255,67671.00,191,0,NULL),(5117,5179,5182,48377,91193.00,156,0,NULL),(5117,5200,5182,48377,33130.00,143,0,NULL),(5117,5200,5274,11392,20620.00,89,0,NULL),(5117,5205,5182,48377,19485.00,98,0,NULL),(5117,5206,5091,44337,107428.00,184,0,NULL),(5117,5213,5335,54255,9870.00,31,0,NULL),(5117,5215,5032,25324,38255.00,128,0,NULL),(5117,5218,5182,48377,7540.00,25,0,NULL),(5117,5234,5244,21593,13165.00,79,0,NULL),(5117,5236,5244,21593,44765.00,79,0,NULL),(5117,5237,5121,35385,74022.00,136,0,NULL),(5118,5017,5060,44609,40354.00,200,0,18.75),(5118,5023,5091,34184,76606.20,180,0,11.50),(5118,5023,5121,11168,52773.16,124,0,3.36),(5118,5040,5152,31725,6377.40,18,0,27.90);
/*!40000 ALTER TABLE `sales_fact_shrunken` ENABLE KEYS */;
UNLOCK TABLES;

--
-- Dumping events for database 'dw-2205-team4_shrunkendimension'
--
/*!40103 SET TIME_ZONE=@OLD_TIME_ZONE */;

/*!40101 SET SQL_MODE=@OLD_SQL_MODE */;
/*!40014 SET FOREIGN_KEY_CHECKS=@OLD_FOREIGN_KEY_CHECKS */;
/*!40014 SET UNIQUE_CHECKS=@OLD_UNIQUE_CHECKS */;
/*!40101 SET CHARACTER_SET_CLIENT=@OLD_CHARACTER_SET_CLIENT */;
/*!40101 SET CHARACTER_SET_RESULTS=@OLD_CHARACTER_SET_RESULTS */;
/*!40101 SET COLLATION_CONNECTION=@OLD_COLLATION_CONNECTION */;
/*!40111 SET SQL_NOTES=@OLD_SQL_NOTES */;

-- Dump completed on 2021-05-08 21:40:29
