SalesDate_SK,salesDate,Sales_Year,Sales_Quarter,Sales_Month,Sales_Week,Sales_Fiscal_Year,Sales_Fiscal_Quarter,Sales_Fiscal_Month,Sales_Fiscal_Week
5000,,,,,,,,,
5001,08/20/00,2000,3,8,35,2000,2,5,23
5002,01/01/05,2005,1,1,1,2005,4,10,41
5003,01/02/05,2005,1,1,2,2005,4,10,42
5004,01/03/05,2005,1,1,2,2005,4,10,42
5005,01/04/05,2005,1,1,2,2005,4,10,42
5006,01/05/05,2005,1,1,2,2005,4,10,42
5007,01/06/05,2005,1,1,2,2005,4,10,42
5008,01/07/05,2005,1,1,2,2005,4,10,42
5009,01/08/05,2005,1,1,2,2005,4,10,42
5010,01/09/05,2005,1,1,3,2005,4,10,43
5011,01/10/05,2005,1,1,3,2005,4,10,43
5012,01/11/05,2005,1,1,3,2005,4,10,43
5013,01/12/05,2005,1,1,3,2005,4,10,43
5014,01/13/05,2005,1,1,3,2005,4,10,43
5015,01/14/05,2005,1,1,3,2005,4,10,43
5016,01/15/05,2005,1,1,3,2005,4,10,43
5017,01/16/05,2005,1,1,4,2005,4,10,44
5018,01/17/05,2005,1,1,4,2005,4,10,44
5019,01/18/05,2005,1,1,4,2005,4,10,44
5020,01/19/05,2005,1,1,4,2005,4,10,44
5021,01/20/05,2005,1,1,4,2005,4,10,44
5022,01/21/05,2005,1,1,4,2005,4,10,44
5023,01/22/05,2005,1,1,4,2005,4,10,44
5024,01/23/05,2005,1,1,5,2005,4,10,45
5025,01/24/05,2005,1,1,5,2005,4,10,45
5026,01/25/05,2005,1,1,5,2005,4,10,45
5027,01/26/05,2005,1,1,5,2005,4,10,45
5028,01/27/05,2005,1,1,5,2005,4,10,45
5029,01/28/05,2005,1,1,5,2005,4,10,45
5030,01/29/05,2005,1,1,5,2005,4,10,45
5031,01/30/05,2005,1,1,6,2005,4,10,46
5032,01/31/05,2005,1,1,6,2005,4,10,46
5033,02/01/05,2005,1,2,6,2005,4,11,46
5034,02/02/05,2005,1,2,6,2005,4,11,46
5035,02/03/05,2005,1,2,6,2005,4,11,46
5036,02/04/05,2005,1,2,6,2005,4,11,46
5037,02/05/05,2005,1,2,6,2005,4,11,46
5038,02/06/05,2005,1,2,7,2005,4,11,47
5039,02/07/05,2005,1,2,7,2005,4,11,47
5040,02/08/05,2005,1,2,7,2005,4,11,47
5041,02/09/05,2005,1,2,7,2005,4,11,47
5042,02/10/05,2005,1,2,7,2005,4,11,47
5043,02/11/05,2005,1,2,7,2005,4,11,47
5044,02/12/05,2005,1,2,7,2005,4,11,47
5045,02/13/05,2005,1,2,8,2005,4,11,48
5046,02/14/05,2005,1,2,8,2005,4,11,48
5047,02/15/05,2005,1,2,8,2005,4,11,48
5048,02/16/05,2005,1,2,8,2005,4,11,48
5049,02/17/05,2005,1,2,8,2005,4,11,48
5050,02/18/05,2005,1,2,8,2005,4,11,48
5051,02/19/05,2005,1,2,8,2005,4,11,48
5052,02/20/05,2005,1,2,9,2005,4,11,49
5053,02/21/05,2005,1,2,9,2005,4,11,49
5054,02/22/05,2005,1,2,9,2005,4,11,49
5055,02/23/05,2005,1,2,9,2005,4,11,49
5056,02/24/05,2005,1,2,9,2005,4,11,49
5057,02/25/05,2005,1,2,9,2005,4,11,49
5058,02/26/05,2005,1,2,9,2005,4,11,49
5059,02/27/05,2005,1,2,10,2005,4,11,50
5060,02/28/05,2005,1,2,10,2005,4,11,50
5061,03/01/05,2005,1,3,10,2005,4,12,50
5062,03/02/05,2005,1,3,10,2005,4,12,50
5063,03/03/05,2005,1,3,10,2005,4,12,50
5064,03/04/05,2005,1,3,10,2005,4,12,50
5065,03/05/05,2005,1,3,10,2005,4,12,50
5066,03/06/05,2005,1,3,11,2005,4,12,51
5067,03/07/05,2005,1,3,11,2005,4,12,51
5068,03/08/05,2005,1,3,11,2005,4,12,51
5069,03/09/05,2005,1,3,11,2005,4,12,51
5070,03/10/05,2005,1,3,11,2005,4,12,51
5071,03/11/05,2005,1,3,11,2005,4,12,51
5072,03/12/05,2005,1,3,11,2005,4,12,51
5073,03/13/05,2005,1,3,12,2005,4,12,52
5074,03/14/05,2005,1,3,12,2005,4,12,52
5075,03/15/05,2005,1,3,12,2005,4,12,52
5076,03/16/05,2005,1,3,12,2005,4,12,52
5077,03/17/05,2005,1,3,12,2005,4,12,52
5078,03/18/05,2005,1,3,12,2005,4,12,52
5079,03/19/05,2005,1,3,12,2005,4,12,52
5080,03/20/05,2005,1,3,13,2005,4,12,1
5081,03/21/05,2005,1,3,13,2005,4,12,1
5082,03/22/05,2005,1,3,13,2005,4,12,1
5083,03/23/05,2005,1,3,13,2005,4,12,1
5084,03/24/05,2005,1,3,13,2005,4,12,1
5085,03/25/05,2005,1,3,13,2005,4,12,1
5086,03/26/05,2005,1,3,13,2005,4,12,1
5087,03/27/05,2005,1,3,14,2005,4,12,2
5088,03/28/05,2005,1,3,14,2005,4,12,2
5089,03/29/05,2005,1,3,14,2005,4,12,2
5090,03/30/05,2005,1,3,14,2005,4,12,2
5091,03/31/05,2005,1,3,14,2005,4,12,2
5092,04/01/05,2005,2,4,14,2005,1,1,2
5093,04/02/05,2005,2,4,14,2005,1,1,2
5094,04/03/05,2005,2,4,15,2005,1,1,3
5095,04/04/05,2005,2,4,15,2005,1,1,3
5096,04/05/05,2005,2,4,15,2005,1,1,3
5097,04/06/05,2005,2,4,15,2005,1,1,3
5098,04/07/05,2005,2,4,15,2005,1,1,3
5099,04/08/05,2005,2,4,15,2005,1,1,3
5100,04/09/05,2005,2,4,15,2005,1,1,3
5101,04/10/05,2005,2,4,16,2005,1,1,4
5102,04/11/05,2005,2,4,16,2005,1,1,4
5103,04/12/05,2005,2,4,16,2005,1,1,4
5104,04/13/05,2005,2,4,16,2005,1,1,4
5105,04/14/05,2005,2,4,16,2005,1,1,4
5106,04/15/05,2005,2,4,16,2005,1,1,4
5107,04/16/05,2005,2,4,16,2005,1,1,4
5108,04/17/05,2005,2,4,17,2005,1,1,5
5109,04/18/05,2005,2,4,17,2005,1,1,5
5110,04/19/05,2005,2,4,17,2005,1,1,5
5111,04/20/05,2005,2,4,17,2005,1,1,5
5112,04/21/05,2005,2,4,17,2005,1,1,5
5113,04/22/05,2005,2,4,17,2005,1,1,5
5114,04/23/05,2005,2,4,17,2005,1,1,5
5115,04/24/05,2005,2,4,18,2005,1,1,6
5116,04/25/05,2005,2,4,18,2005,1,1,6
5117,04/26/05,2005,2,4,18,2005,1,1,6
5118,04/27/05,2005,2,4,18,2005,1,1,6
5119,04/28/05,2005,2,4,18,2005,1,1,6
5120,04/29/05,2005,2,4,18,2005,1,1,6
5121,04/30/05,2005,2,4,18,2005,1,1,6
5122,05/01/05,2005,2,5,19,2005,1,2,7
5123,05/02/05,2005,2,5,19,2005,1,2,7
5124,05/03/05,2005,2,5,19,2005,1,2,7
5125,05/04/05,2005,2,5,19,2005,1,2,7
5126,05/05/05,2005,2,5,19,2005,1,2,7
5127,05/06/05,2005,2,5,19,2005,1,2,7
5128,05/07/05,2005,2,5,19,2005,1,2,7
5129,05/08/05,2005,2,5,20,2005,1,2,8
5130,05/09/05,2005,2,5,20,2005,1,2,8
5131,05/10/05,2005,2,5,20,2005,1,2,8
5132,05/11/05,2005,2,5,20,2005,1,2,8
5133,05/12/05,2005,2,5,20,2005,1,2,8
5134,05/13/05,2005,2,5,20,2005,1,2,8
5135,05/14/05,2005,2,5,20,2005,1,2,8
5136,05/15/05,2005,2,5,21,2005,1,2,9
5137,05/16/05,2005,2,5,21,2005,1,2,9
5138,05/17/05,2005,2,5,21,2005,1,2,9
5139,05/18/05,2005,2,5,21,2005,1,2,9
5140,05/19/05,2005,2,5,21,2005,1,2,9
5141,05/20/05,2005,2,5,21,2005,1,2,9
5142,05/21/05,2005,2,5,21,2005,1,2,9
5143,05/22/05,2005,2,5,22,2005,1,2,10
5144,05/23/05,2005,2,5,22,2005,1,2,10
5145,05/24/05,2005,2,5,22,2005,1,2,10
5146,05/25/05,2005,2,5,22,2005,1,2,10
5147,05/26/05,2005,2,5,22,2005,1,2,10
5148,05/27/05,2005,2,5,22,2005,1,2,10
5149,05/28/05,2005,2,5,22,2005,1,2,10
5150,05/29/05,2005,2,5,23,2005,1,2,11
5151,05/30/05,2005,2,5,23,2005,1,2,11
5152,05/31/05,2005,2,5,23,2005,1,2,11
5153,06/01/05,2005,2,6,23,2005,1,3,11
5154,06/02/05,2005,2,6,23,2005,1,3,11
5155,06/03/05,2005,2,6,23,2005,1,3,11
5156,06/04/05,2005,2,6,23,2005,1,3,11
5157,06/05/05,2005,2,6,24,2005,1,3,12
5158,06/06/05,2005,2,6,24,2005,1,3,12
5159,06/07/05,2005,2,6,24,2005,1,3,12
5160,06/08/05,2005,2,6,24,2005,1,3,12
5161,06/09/05,2005,2,6,24,2005,1,3,12
5162,06/10/05,2005,2,6,24,2005,1,3,12
5163,06/11/05,2005,2,6,24,2005,1,3,12
5164,06/12/05,2005,2,6,25,2005,1,3,13
5165,06/13/05,2005,2,6,25,2005,1,3,13
5166,06/14/05,2005,2,6,25,2005,1,3,13
5167,06/15/05,2005,2,6,25,2005,1,3,13
5168,06/16/05,2005,2,6,25,2005,1,3,13
5169,06/17/05,2005,2,6,25,2005,1,3,13
5170,06/18/05,2005,2,6,25,2005,1,3,13
5171,06/19/05,2005,2,6,26,2005,1,3,14
5172,06/20/05,2005,2,6,26,2005,1,3,14
5173,06/21/05,2005,2,6,26,2005,1,3,14
5174,06/22/05,2005,2,6,26,2005,1,3,14
5175,06/23/05,2005,2,6,26,2005,1,3,14
5176,06/24/05,2005,2,6,26,2005,1,3,14
5177,06/25/05,2005,2,6,26,2005,1,3,14
5178,06/26/05,2005,2,6,27,2005,1,3,15
5179,06/27/05,2005,2,6,27,2005,1,3,15
5180,06/28/05,2005,2,6,27,2005,1,3,15
5181,06/29/05,2005,2,6,27,2005,1,3,15
5182,06/30/05,2005,2,6,27,2005,1,3,15
5183,07/01/05,2005,3,7,27,2005,2,4,15
5184,07/02/05,2005,3,7,27,2005,2,4,15
5185,07/03/05,2005,3,7,28,2005,2,4,16
5186,07/04/05,2005,3,7,28,2005,2,4,16
5187,07/05/05,2005,3,7,28,2005,2,4,16
5188,07/06/05,2005,3,7,28,2005,2,4,16
5189,07/07/05,2005,3,7,28,2005,2,4,16
5190,07/08/05,2005,3,7,28,2005,2,4,16
5191,07/09/05,2005,3,7,28,2005,2,4,16
5192,07/10/05,2005,3,7,29,2005,2,4,17
5193,07/11/05,2005,3,7,29,2005,2,4,17
5194,07/12/05,2005,3,7,29,2005,2,4,17
5195,07/13/05,2005,3,7,29,2005,2,4,17
5196,07/14/05,2005,3,7,29,2005,2,4,17
5197,07/15/05,2005,3,7,29,2005,2,4,17
5198,07/16/05,2005,3,7,29,2005,2,4,17
5199,07/17/05,2005,3,7,30,2005,2,4,18
5200,07/18/05,2005,3,7,30,2005,2,4,18
5201,07/19/05,2005,3,7,30,2005,2,4,18
5202,07/20/05,2005,3,7,30,2005,2,4,18
5203,07/21/05,2005,3,7,30,2005,2,4,18
5204,07/22/05,2005,3,7,30,2005,2,4,18
5205,07/23/05,2005,3,7,30,2005,2,4,18
5206,07/24/05,2005,3,7,31,2005,2,4,19
5207,07/25/05,2005,3,7,31,2005,2,4,19
5208,07/26/05,2005,3,7,31,2005,2,4,19
5209,07/27/05,2005,3,7,31,2005,2,4,19
5210,07/28/05,2005,3,7,31,2005,2,4,19
5211,07/29/05,2005,3,7,31,2005,2,4,19
5212,07/30/05,2005,3,7,31,2005,2,4,19
5213,07/31/05,2005,3,7,32,2005,2,4,20
5214,08/01/05,2005,3,8,32,2005,2,5,20
5215,08/02/05,2005,3,8,32,2005,2,5,20
5216,08/03/05,2005,3,8,32,2005,2,5,20
5217,08/04/05,2005,3,8,32,2005,2,5,20
5218,08/05/05,2005,3,8,32,2005,2,5,20
5219,08/06/05,2005,3,8,32,2005,2,5,20
5220,08/07/05,2005,3,8,33,2005,2,5,21
5221,08/08/05,2005,3,8,33,2005,2,5,21
5222,08/09/05,2005,3,8,33,2005,2,5,21
5223,08/10/05,2005,3,8,33,2005,2,5,21
5224,08/11/05,2005,3,8,33,2005,2,5,21
5225,08/12/05,2005,3,8,33,2005,2,5,21
5226,08/13/05,2005,3,8,33,2005,2,5,21
5227,08/14/05,2005,3,8,34,2005,2,5,22
5228,08/15/05,2005,3,8,34,2005,2,5,22
5229,08/16/05,2005,3,8,34,2005,2,5,22
5230,08/17/05,2005,3,8,34,2005,2,5,22
5231,08/18/05,2005,3,8,34,2005,2,5,22
5232,08/19/05,2005,3,8,34,2005,2,5,22
5233,08/20/05,2005,3,8,34,2005,2,5,22
5234,08/21/05,2005,3,8,35,2005,2,5,23
5235,08/22/05,2005,3,8,35,2005,2,5,23
5236,08/23/05,2005,3,8,35,2005,2,5,23
5237,08/24/05,2005,3,8,35,2005,2,5,23
5238,08/25/05,2005,3,8,35,2005,2,5,23
5239,08/26/05,2005,3,8,35,2005,2,5,23
5240,08/27/05,2005,3,8,35,2005,2,5,23
5241,08/28/05,2005,3,8,36,2005,2,5,24
5242,08/29/05,2005,3,8,36,2005,2,5,24
5243,08/30/05,2005,3,8,36,2005,2,5,24
5244,08/31/05,2005,3,8,36,2005,2,5,24
5245,09/01/05,2005,3,9,36,2005,2,6,24
5246,09/02/05,2005,3,9,36,2005,2,6,24
5247,09/03/05,2005,3,9,36,2005,2,6,24
5248,09/04/05,2005,3,9,37,2005,2,6,25
5249,09/05/05,2005,3,9,37,2005,2,6,25
5250,09/06/05,2005,3,9,37,2005,2,6,25
5251,09/07/05,2005,3,9,37,2005,2,6,25
5252,09/08/05,2005,3,9,37,2005,2,6,25
5253,09/09/05,2005,3,9,37,2005,2,6,25
5254,09/10/05,2005,3,9,37,2005,2,6,25
5255,09/11/05,2005,3,9,38,2005,2,6,26
5256,09/12/05,2005,3,9,38,2005,2,6,26
5257,09/13/05,2005,3,9,38,2005,2,6,26
5258,09/14/05,2005,3,9,38,2005,2,6,26
5259,09/15/05,2005,3,9,38,2005,2,6,26
5260,09/16/05,2005,3,9,38,2005,2,6,26
5261,09/17/05,2005,3,9,38,2005,2,6,26
5262,09/18/05,2005,3,9,39,2005,2,6,27
5263,09/19/05,2005,3,9,39,2005,2,6,27
5264,09/20/05,2005,3,9,39,2005,2,6,27
5265,09/21/05,2005,3,9,39,2005,2,6,27
5266,09/22/05,2005,3,9,39,2005,2,6,27
5267,09/23/05,2005,3,9,39,2005,2,6,27
5268,09/24/05,2005,3,9,39,2005,2,6,27
5269,09/25/05,2005,3,9,40,2005,2,6,28
5270,09/26/05,2005,3,9,40,2005,2,6,28
5271,09/27/05,2005,3,9,40,2005,2,6,28
5272,09/28/05,2005,3,9,40,2005,2,6,28
5273,09/29/05,2005,3,9,40,2005,2,6,28
5274,09/30/05,2005,3,9,40,2005,2,6,28
5275,10/01/05,2005,4,10,40,2005,3,7,28
5276,10/02/05,2005,4,10,41,2005,3,7,29
5277,10/03/05,2005,4,10,41,2005,3,7,29
5278,10/04/05,2005,4,10,41,2005,3,7,29
5279,10/05/05,2005,4,10,41,2005,3,7,29
5280,10/06/05,2005,4,10,41,2005,3,7,29
5281,10/07/05,2005,4,10,41,2005,3,7,29
5282,10/08/05,2005,4,10,41,2005,3,7,29
5283,10/09/05,2005,4,10,42,2005,3,7,30
5284,10/10/05,2005,4,10,42,2005,3,7,30
5285,10/11/05,2005,4,10,42,2005,3,7,30
5286,10/12/05,2005,4,10,42,2005,3,7,30
5287,10/13/05,2005,4,10,42,2005,3,7,30
5288,10/14/05,2005,4,10,42,2005,3,7,30
5289,10/15/05,2005,4,10,42,2005,3,7,30
5290,10/16/05,2005,4,10,43,2005,3,7,31
5291,10/17/05,2005,4,10,43,2005,3,7,31
5292,10/18/05,2005,4,10,43,2005,3,7,31
5293,10/19/05,2005,4,10,43,2005,3,7,31
5294,10/20/05,2005,4,10,43,2005,3,7,31
5295,10/21/05,2005,4,10,43,2005,3,7,31
5296,10/22/05,2005,4,10,43,2005,3,7,31
5297,10/23/05,2005,4,10,44,2005,3,7,32
5298,10/24/05,2005,4,10,44,2005,3,7,32
5299,10/25/05,2005,4,10,44,2005,3,7,32
5300,10/26/05,2005,4,10,44,2005,3,7,32
5301,10/27/05,2005,4,10,44,2005,3,7,32
5302,10/28/05,2005,4,10,44,2005,3,7,32
5303,10/29/05,2005,4,10,44,2005,3,7,32
5304,10/30/05,2005,4,10,45,2005,3,7,33
5305,10/31/05,2005,4,10,45,2005,3,7,33
5306,11/01/05,2005,4,11,45,2005,3,8,33
5307,11/02/05,2005,4,11,45,2005,3,8,33
5308,11/03/05,2005,4,11,45,2005,3,8,33
5309,11/04/05,2005,4,11,45,2005,3,8,33
5310,11/05/05,2005,4,11,45,2005,3,8,33
5311,11/06/05,2005,4,11,46,2005,3,8,34
5312,11/07/05,2005,4,11,46,2005,3,8,34
5313,11/08/05,2005,4,11,46,2005,3,8,34
5314,11/09/05,2005,4,11,46,2005,3,8,34
5315,11/10/05,2005,4,11,46,2005,3,8,34
5316,11/11/05,2005,4,11,46,2005,3,8,34
5317,11/12/05,2005,4,11,46,2005,3,8,34
5318,11/13/05,2005,4,11,47,2005,3,8,35
5319,11/14/05,2005,4,11,47,2005,3,8,35
5320,11/15/05,2005,4,11,47,2005,3,8,35
5321,11/16/05,2005,4,11,47,2005,3,8,35
5322,11/17/05,2005,4,11,47,2005,3,8,35
5323,11/18/05,2005,4,11,47,2005,3,8,35
5324,11/19/05,2005,4,11,47,2005,3,8,35
5325,11/20/05,2005,4,11,48,2005,3,8,36
5326,11/21/05,2005,4,11,48,2005,3,8,36
5327,11/22/05,2005,4,11,48,2005,3,8,36
5328,11/23/05,2005,4,11,48,2005,3,8,36
5329,11/24/05,2005,4,11,48,2005,3,8,36
5330,11/25/05,2005,4,11,48,2005,3,8,36
5331,11/26/05,2005,4,11,48,2005,3,8,36
5332,11/27/05,2005,4,11,49,2005,3,8,37
5333,11/28/05,2005,4,11,49,2005,3,8,37
5334,11/29/05,2005,4,11,49,2005,3,8,37
5335,11/30/05,2005,4,11,49,2005,3,8,37
5336,12/01/05,2005,4,12,49,2005,3,9,37
5337,12/02/05,2005,4,12,49,2005,3,9,37
5338,12/03/05,2005,4,12,49,2005,3,9,37
5339,12/04/05,2005,4,12,50,2005,3,9,38
5340,12/05/05,2005,4,12,50,2005,3,9,38
5341,12/06/05,2005,4,12,50,2005,3,9,38
5342,12/07/05,2005,4,12,50,2005,3,9,38
5343,12/08/05,2005,4,12,50,2005,3,9,38
5344,12/09/05,2005,4,12,50,2005,3,9,38
5345,12/10/05,2005,4,12,50,2005,3,9,38
5346,12/11/05,2005,4,12,51,2005,3,9,39
5347,12/12/05,2005,4,12,51,2005,3,9,39
5348,12/13/05,2005,4,12,51,2005,3,9,39
5349,12/14/05,2005,4,12,51,2005,3,9,39
5350,12/15/05,2005,4,12,51,2005,3,9,39
5351,12/16/05,2005,4,12,51,2005,3,9,39
5352,12/17/05,2005,4,12,51,2005,3,9,39
5353,12/18/05,2005,4,12,52,2005,3,9,40
5354,12/19/05,2005,4,12,52,2005,3,9,40
5355,12/20/05,2005,4,12,52,2005,3,9,40
5356,12/21/05,2005,4,12,52,2005,3,9,40
5357,12/22/05,2005,4,12,52,2005,3,9,40
5358,12/23/05,2005,4,12,52,2005,3,9,40
5359,12/24/05,2005,4,12,52,2005,3,9,40
5360,12/25/05,2005,4,12,53,2005,3,9,41
5361,12/26/05,2005,4,12,53,2005,3,9,41
5362,12/27/05,2005,4,12,53,2005,3,9,41
5363,12/28/05,2005,4,12,53,2005,3,9,41
5364,12/29/05,2005,4,12,53,2005,3,9,41
5365,12/30/05,2005,4,12,53,2005,3,9,41
5366,12/31/05,2005,4,12,53,2005,3,9,41
5367,01/01/06,2006,1,1,1,2006,4,10,41
5368,01/02/06,2006,1,1,1,2006,4,10,41
5369,01/03/06,2006,1,1,1,2006,4,10,41
5370,01/04/06,2006,1,1,1,2006,4,10,41
5371,01/05/06,2006,1,1,1,2006,4,10,41
5372,01/06/06,2006,1,1,1,2006,4,10,41
5373,01/07/06,2006,1,1,1,2006,4,10,41
5374,01/08/06,2006,1,1,2,2006,4,10,42
5375,01/09/06,2006,1,1,2,2006,4,10,42
5376,01/10/06,2006,1,1,2,2006,4,10,42
5377,01/11/06,2006,1,1,2,2006,4,10,42
5378,01/12/06,2006,1,1,2,2006,4,10,42
5379,01/13/06,2006,1,1,2,2006,4,10,42
5380,01/14/06,2006,1,1,2,2006,4,10,42
5381,01/15/06,2006,1,1,3,2006,4,10,43
5382,01/16/06,2006,1,1,3,2006,4,10,43
5383,01/17/06,2006,1,1,3,2006,4,10,43
5384,01/18/06,2006,1,1,3,2006,4,10,43
5385,01/19/06,2006,1,1,3,2006,4,10,43
5386,01/20/06,2006,1,1,3,2006,4,10,43
5387,01/21/06,2006,1,1,3,2006,4,10,43
5388,01/22/06,2006,1,1,4,2006,4,10,44
5389,01/23/06,2006,1,1,4,2006,4,10,44
5390,01/24/06,2006,1,1,4,2006,4,10,44
5391,01/25/06,2006,1,1,4,2006,4,10,44
5392,01/26/06,2006,1,1,4,2006,4,10,44
5393,01/27/06,2006,1,1,4,2006,4,10,44
5394,01/28/06,2006,1,1,4,2006,4,10,44
5395,01/29/06,2006,1,1,5,2006,4,10,45
5396,01/30/06,2006,1,1,5,2006,4,10,45
5397,01/31/06,2006,1,1,5,2006,4,10,45
5398,02/01/06,2006,1,2,5,2006,4,11,45
5399,02/02/06,2006,1,2,5,2006,4,11,45
5400,02/03/06,2006,1,2,5,2006,4,11,45
5401,02/04/06,2006,1,2,5,2006,4,11,45
5402,02/05/06,2006,1,2,6,2006,4,11,46
5403,02/06/06,2006,1,2,6,2006,4,11,46
5404,02/07/06,2006,1,2,6,2006,4,11,46
5405,02/08/06,2006,1,2,6,2006,4,11,46
5406,02/09/06,2006,1,2,6,2006,4,11,46
5407,02/10/06,2006,1,2,6,2006,4,11,46
5408,02/11/06,2006,1,2,6,2006,4,11,46
5409,02/12/06,2006,1,2,7,2006,4,11,47
5410,02/13/06,2006,1,2,7,2006,4,11,47
5411,02/14/06,2006,1,2,7,2006,4,11,47
5412,02/15/06,2006,1,2,7,2006,4,11,47
5413,02/16/06,2006,1,2,7,2006,4,11,47
5414,02/17/06,2006,1,2,7,2006,4,11,47
5415,02/18/06,2006,1,2,7,2006,4,11,47
5416,02/19/06,2006,1,2,8,2006,4,11,48
5417,02/20/06,2006,1,2,8,2006,4,11,48
5418,02/21/06,2006,1,2,8,2006,4,11,48
5419,02/22/06,2006,1,2,8,2006,4,11,48
5420,02/23/06,2006,1,2,8,2006,4,11,48
5421,02/24/06,2006,1,2,8,2006,4,11,48
5422,02/25/06,2006,1,2,8,2006,4,11,48
5423,02/26/06,2006,1,2,9,2006,4,11,49
5424,02/27/06,2006,1,2,9,2006,4,11,49
5425,02/28/06,2006,1,2,9,2006,4,11,49
5426,03/01/06,2006,1,3,9,2006,4,12,49
5427,03/02/06,2006,1,3,9,2006,4,12,49
5428,03/03/06,2006,1,3,9,2006,4,12,49
5429,03/04/06,2006,1,3,9,2006,4,12,49
5430,03/05/06,2006,1,3,10,2006,4,12,50
5431,03/06/06,2006,1,3,10,2006,4,12,50
5432,03/07/06,2006,1,3,10,2006,4,12,50
5433,03/08/06,2006,1,3,10,2006,4,12,50
5434,03/09/06,2006,1,3,10,2006,4,12,50
5435,03/10/06,2006,1,3,10,2006,4,12,50
5436,03/11/06,2006,1,3,10,2006,4,12,50
5437,03/12/06,2006,1,3,11,2006,4,12,51
5438,03/13/06,2006,1,3,11,2006,4,12,51
5439,03/14/06,2006,1,3,11,2006,4,12,51
5440,03/15/06,2006,1,3,11,2006,4,12,51
5441,03/16/06,2006,1,3,11,2006,4,12,51
5442,03/17/06,2006,1,3,11,2006,4,12,51
5443,03/18/06,2006,1,3,11,2006,4,12,51
5444,03/19/06,2006,1,3,12,2006,4,12,52
5445,03/20/06,2006,1,3,12,2006,4,12,52
5446,03/21/06,2006,1,3,12,2006,4,12,52
5447,03/22/06,2006,1,3,12,2006,4,12,52
5448,03/23/06,2006,1,3,12,2006,4,12,52
5449,03/24/06,2006,1,3,12,2006,4,12,52
5450,03/25/06,2006,1,3,12,2006,4,12,52
5451,03/26/06,2006,1,3,13,2006,4,12,1
5452,03/27/06,2006,1,3,13,2006,4,12,1
5453,03/28/06,2006,1,3,13,2006,4,12,1
5454,03/29/06,2006,1,3,13,2006,4,12,1
5455,03/30/06,2006,1,3,13,2006,4,12,1
5456,03/31/06,2006,1,3,13,2006,4,12,1
5457,04/01/06,2006,2,4,13,2006,1,1,1
5458,04/02/06,2006,2,4,14,2006,1,1,2
5459,04/03/06,2006,2,4,14,2006,1,1,2
5460,04/04/06,2006,2,4,14,2006,1,1,2
5461,04/05/06,2006,2,4,14,2006,1,1,2
5462,04/06/06,2006,2,4,14,2006,1,1,2
5463,04/07/06,2006,2,4,14,2006,1,1,2
5464,04/08/06,2006,2,4,14,2006,1,1,2
5465,04/09/06,2006,2,4,15,2006,1,1,3
5466,04/10/06,2006,2,4,15,2006,1,1,3
5467,04/11/06,2006,2,4,15,2006,1,1,3
5468,04/12/06,2006,2,4,15,2006,1,1,3
5469,04/13/06,2006,2,4,15,2006,1,1,3
5470,04/14/06,2006,2,4,15,2006,1,1,3
5471,04/15/06,2006,2,4,15,2006,1,1,3
5472,04/16/06,2006,2,4,16,2006,1,1,4
5473,04/17/06,2006,2,4,16,2006,1,1,4
5474,04/18/06,2006,2,4,16,2006,1,1,4
5475,04/19/06,2006,2,4,16,2006,1,1,4
5476,04/20/06,2006,2,4,16,2006,1,1,4
5477,04/21/06,2006,2,4,16,2006,1,1,4
5478,04/22/06,2006,2,4,16,2006,1,1,4
5479,04/23/06,2006,2,4,17,2006,1,1,5
5480,04/24/06,2006,2,4,17,2006,1,1,5
5481,04/25/06,2006,2,4,17,2006,1,1,5
5482,04/26/06,2006,2,4,17,2006,1,1,5
5483,04/27/06,2006,2,4,17,2006,1,1,5
5484,04/28/06,2006,2,4,17,2006,1,1,5
5485,04/29/06,2006,2,4,17,2006,1,1,5
5486,04/30/06,2006,2,4,18,2006,1,1,6
5487,05/01/06,2006,2,5,18,2006,1,2,6
5488,05/02/06,2006,2,5,18,2006,1,2,6
5489,05/03/06,2006,2,5,18,2006,1,2,6
5490,05/04/06,2006,2,5,18,2006,1,2,6
5491,05/05/06,2006,2,5,18,2006,1,2,6
5492,05/06/06,2006,2,5,18,2006,1,2,6
5493,05/07/06,2006,2,5,19,2006,1,2,7
5494,05/08/06,2006,2,5,19,2006,1,2,7
5495,05/09/06,2006,2,5,19,2006,1,2,7
5496,05/10/06,2006,2,5,19,2006,1,2,7
5497,05/11/06,2006,2,5,19,2006,1,2,7
5498,05/12/06,2006,2,5,19,2006,1,2,7
5499,05/13/06,2006,2,5,19,2006,1,2,7
5500,05/14/06,2006,2,5,20,2006,1,2,8
5501,05/15/06,2006,2,5,20,2006,1,2,8
5502,05/16/06,2006,2,5,20,2006,1,2,8
5503,05/17/06,2006,2,5,20,2006,1,2,8
5504,05/18/06,2006,2,5,20,2006,1,2,8
5505,05/19/06,2006,2,5,20,2006,1,2,8
5506,05/20/06,2006,2,5,20,2006,1,2,8
5507,05/21/06,2006,2,5,21,2006,1,2,9
5508,05/22/06,2006,2,5,21,2006,1,2,9
5509,05/23/06,2006,2,5,21,2006,1,2,9
5510,05/24/06,2006,2,5,21,2006,1,2,9
5511,05/25/06,2006,2,5,21,2006,1,2,9
5512,05/26/06,2006,2,5,21,2006,1,2,9
5513,05/27/06,2006,2,5,21,2006,1,2,9
5514,05/28/06,2006,2,5,22,2006,1,2,10
5515,05/29/06,2006,2,5,22,2006,1,2,10
5516,05/30/06,2006,2,5,22,2006,1,2,10
5517,05/31/06,2006,2,5,22,2006,1,2,10
5518,06/01/06,2006,2,6,22,2006,1,3,10
5519,06/02/06,2006,2,6,22,2006,1,3,10
5520,06/03/06,2006,2,6,22,2006,1,3,10
5521,06/04/06,2006,2,6,23,2006,1,3,11
5522,06/05/06,2006,2,6,23,2006,1,3,11
5523,06/06/06,2006,2,6,23,2006,1,3,11
5524,06/07/06,2006,2,6,23,2006,1,3,11
5525,06/08/06,2006,2,6,23,2006,1,3,11
5526,06/09/06,2006,2,6,23,2006,1,3,11
5527,06/10/06,2006,2,6,23,2006,1,3,11
5528,06/11/06,2006,2,6,24,2006,1,3,12
5529,06/12/06,2006,2,6,24,2006,1,3,12
5530,06/13/06,2006,2,6,24,2006,1,3,12
5531,06/14/06,2006,2,6,24,2006,1,3,12
5532,06/15/06,2006,2,6,24,2006,1,3,12
5533,06/16/06,2006,2,6,24,2006,1,3,12
5534,06/17/06,2006,2,6,24,2006,1,3,12
5535,06/18/06,2006,2,6,25,2006,1,3,13
5536,06/19/06,2006,2,6,25,2006,1,3,13
5537,06/20/06,2006,2,6,25,2006,1,3,13
5538,06/21/06,2006,2,6,25,2006,1,3,13
5539,06/22/06,2006,2,6,25,2006,1,3,13
5540,06/23/06,2006,2,6,25,2006,1,3,13
5541,06/24/06,2006,2,6,25,2006,1,3,13
5542,06/25/06,2006,2,6,26,2006,1,3,14
5543,06/26/06,2006,2,6,26,2006,1,3,14
5544,06/27/06,2006,2,6,26,2006,1,3,14
5545,06/28/06,2006,2,6,26,2006,1,3,14
5546,06/29/06,2006,2,6,26,2006,1,3,14
5547,06/30/06,2006,2,6,26,2006,1,3,14
5548,07/01/06,2006,3,7,26,2006,2,4,14
5549,07/02/06,2006,3,7,27,2006,2,4,15
5550,07/03/06,2006,3,7,27,2006,2,4,15
5551,07/04/06,2006,3,7,27,2006,2,4,15
5552,07/05/06,2006,3,7,27,2006,2,4,15
5553,07/06/06,2006,3,7,27,2006,2,4,15
5554,07/07/06,2006,3,7,27,2006,2,4,15
5555,07/08/06,2006,3,7,27,2006,2,4,15
5556,07/09/06,2006,3,7,28,2006,2,4,16
5557,07/10/06,2006,3,7,28,2006,2,4,16
5558,07/11/06,2006,3,7,28,2006,2,4,16
5559,07/12/06,2006,3,7,28,2006,2,4,16
5560,07/13/06,2006,3,7,28,2006,2,4,16
5561,07/14/06,2006,3,7,28,2006,2,4,16
5562,07/15/06,2006,3,7,28,2006,2,4,16
5563,07/16/06,2006,3,7,29,2006,2,4,17
5564,07/17/06,2006,3,7,29,2006,2,4,17
5565,07/18/06,2006,3,7,29,2006,2,4,17
5566,07/19/06,2006,3,7,29,2006,2,4,17
5567,07/20/06,2006,3,7,29,2006,2,4,17
5568,07/21/06,2006,3,7,29,2006,2,4,17
5569,07/22/06,2006,3,7,29,2006,2,4,17
5570,07/23/06,2006,3,7,30,2006,2,4,18
5571,07/24/06,2006,3,7,30,2006,2,4,18
5572,07/25/06,2006,3,7,30,2006,2,4,18
5573,07/26/06,2006,3,7,30,2006,2,4,18
5574,07/27/06,2006,3,7,30,2006,2,4,18
5575,07/28/06,2006,3,7,30,2006,2,4,18
5576,07/29/06,2006,3,7,30,2006,2,4,18
5577,07/30/06,2006,3,7,31,2006,2,4,19
5578,07/31/06,2006,3,7,31,2006,2,4,19
5579,08/01/06,2006,3,8,31,2006,2,5,19
5580,08/02/06,2006,3,8,31,2006,2,5,19
5581,08/03/06,2006,3,8,31,2006,2,5,19
5582,08/04/06,2006,3,8,31,2006,2,5,19
5583,08/05/06,2006,3,8,31,2006,2,5,19
5584,08/06/06,2006,3,8,32,2006,2,5,20
5585,08/07/06,2006,3,8,32,2006,2,5,20
5586,08/08/06,2006,3,8,32,2006,2,5,20
5587,08/09/06,2006,3,8,32,2006,2,5,20
5588,08/10/06,2006,3,8,32,2006,2,5,20
5589,08/11/06,2006,3,8,32,2006,2,5,20
5590,08/12/06,2006,3,8,32,2006,2,5,20
5591,08/13/06,2006,3,8,33,2006,2,5,21
5592,08/14/06,2006,3,8,33,2006,2,5,21
5593,08/15/06,2006,3,8,33,2006,2,5,21
5594,08/16/06,2006,3,8,33,2006,2,5,21
5595,08/17/06,2006,3,8,33,2006,2,5,21
5596,08/18/06,2006,3,8,33,2006,2,5,21
5597,08/19/06,2006,3,8,33,2006,2,5,21
5598,08/20/06,2006,3,8,34,2006,2,5,22
5599,08/21/06,2006,3,8,34,2006,2,5,22
5600,08/22/06,2006,3,8,34,2006,2,5,22
5601,08/23/06,2006,3,8,34,2006,2,5,22
5602,08/24/06,2006,3,8,34,2006,2,5,22
5603,08/25/06,2006,3,8,34,2006,2,5,22
5604,08/26/06,2006,3,8,34,2006,2,5,22
5605,08/27/06,2006,3,8,35,2006,2,5,23
5606,08/28/06,2006,3,8,35,2006,2,5,23
5607,08/29/06,2006,3,8,35,2006,2,5,23
5608,08/30/06,2006,3,8,35,2006,2,5,23
5609,08/31/06,2006,3,8,35,2006,2,5,23
5610,09/01/06,2006,3,9,35,2006,2,6,23
5611,09/02/06,2006,3,9,35,2006,2,6,23
5612,09/03/06,2006,3,9,36,2006,2,6,24
5613,09/04/06,2006,3,9,36,2006,2,6,24
5614,09/05/06,2006,3,9,36,2006,2,6,24
5615,09/06/06,2006,3,9,36,2006,2,6,24
5616,09/07/06,2006,3,9,36,2006,2,6,24
5617,09/08/06,2006,3,9,36,2006,2,6,24
5618,09/09/06,2006,3,9,36,2006,2,6,24
5619,09/10/06,2006,3,9,37,2006,2,6,25
5620,09/11/06,2006,3,9,37,2006,2,6,25
5621,09/12/06,2006,3,9,37,2006,2,6,25
5622,09/13/06,2006,3,9,37,2006,2,6,25
5623,09/14/06,2006,3,9,37,2006,2,6,25
5624,09/15/06,2006,3,9,37,2006,2,6,25
5625,09/16/06,2006,3,9,37,2006,2,6,25
5626,09/17/06,2006,3,9,38,2006,2,6,26
5627,09/18/06,2006,3,9,38,2006,2,6,26
5628,09/19/06,2006,3,9,38,2006,2,6,26
5629,09/20/06,2006,3,9,38,2006,2,6,26
5630,09/21/06,2006,3,9,38,2006,2,6,26
5631,09/22/06,2006,3,9,38,2006,2,6,26
5632,09/23/06,2006,3,9,38,2006,2,6,26
5633,09/24/06,2006,3,9,39,2006,2,6,27
5634,09/25/06,2006,3,9,39,2006,2,6,27
5635,09/26/06,2006,3,9,39,2006,2,6,27
5636,09/27/06,2006,3,9,39,2006,2,6,27
5637,09/28/06,2006,3,9,39,2006,2,6,27
5638,09/29/06,2006,3,9,39,2006,2,6,27
5639,09/30/06,2006,3,9,39,2006,2,6,27
5640,10/01/06,2006,4,10,40,2006,3,7,28
5641,10/02/06,2006,4,10,40,2006,3,7,28
5642,10/03/06,2006,4,10,40,2006,3,7,28
5643,10/04/06,2006,4,10,40,2006,3,7,28
5644,10/05/06,2006,4,10,40,2006,3,7,28
5645,10/06/06,2006,4,10,40,2006,3,7,28
5646,10/07/06,2006,4,10,40,2006,3,7,28
5647,10/08/06,2006,4,10,41,2006,3,7,29
5648,10/09/06,2006,4,10,41,2006,3,7,29
5649,10/10/06,2006,4,10,41,2006,3,7,29
5650,10/11/06,2006,4,10,41,2006,3,7,29
5651,10/12/06,2006,4,10,41,2006,3,7,29
5652,10/13/06,2006,4,10,41,2006,3,7,29
5653,10/14/06,2006,4,10,41,2006,3,7,29
5654,10/15/06,2006,4,10,42,2006,3,7,30
5655,10/16/06,2006,4,10,42,2006,3,7,30
5656,10/17/06,2006,4,10,42,2006,3,7,30
5657,10/18/06,2006,4,10,42,2006,3,7,30
5658,10/19/06,2006,4,10,42,2006,3,7,30
5659,10/20/06,2006,4,10,42,2006,3,7,30
5660,10/21/06,2006,4,10,42,2006,3,7,30
5661,10/22/06,2006,4,10,43,2006,3,7,31
5662,10/23/06,2006,4,10,43,2006,3,7,31
5663,10/24/06,2006,4,10,43,2006,3,7,31
5664,10/25/06,2006,4,10,43,2006,3,7,31
5665,10/26/06,2006,4,10,43,2006,3,7,31
5666,10/27/06,2006,4,10,43,2006,3,7,31
5667,10/28/06,2006,4,10,43,2006,3,7,31
5668,10/29/06,2006,4,10,44,2006,3,7,32
5669,10/30/06,2006,4,10,44,2006,3,7,32
5670,10/31/06,2006,4,10,44,2006,3,7,32
5671,11/01/06,2006,4,11,44,2006,3,8,32
5672,11/02/06,2006,4,11,44,2006,3,8,32
5673,11/03/06,2006,4,11,44,2006,3,8,32
5674,11/04/06,2006,4,11,44,2006,3,8,32
5675,11/05/06,2006,4,11,45,2006,3,8,33
5676,11/06/06,2006,4,11,45,2006,3,8,33
5677,11/07/06,2006,4,11,45,2006,3,8,33
5678,11/08/06,2006,4,11,45,2006,3,8,33
5679,11/09/06,2006,4,11,45,2006,3,8,33
5680,11/10/06,2006,4,11,45,2006,3,8,33
5681,11/11/06,2006,4,11,45,2006,3,8,33
5682,11/12/06,2006,4,11,46,2006,3,8,34
5683,11/13/06,2006,4,11,46,2006,3,8,34
5684,11/14/06,2006,4,11,46,2006,3,8,34
5685,11/15/06,2006,4,11,46,2006,3,8,34
5686,11/16/06,2006,4,11,46,2006,3,8,34
5687,11/17/06,2006,4,11,46,2006,3,8,34
5688,11/18/06,2006,4,11,46,2006,3,8,34
5689,11/19/06,2006,4,11,47,2006,3,8,35
5690,11/20/06,2006,4,11,47,2006,3,8,35
5691,11/21/06,2006,4,11,47,2006,3,8,35
5692,11/22/06,2006,4,11,47,2006,3,8,35
5693,11/23/06,2006,4,11,47,2006,3,8,35
5694,11/24/06,2006,4,11,47,2006,3,8,35
5695,11/25/06,2006,4,11,47,2006,3,8,35
5696,11/26/06,2006,4,11,48,2006,3,8,36
5697,11/27/06,2006,4,11,48,2006,3,8,36
5698,11/28/06,2006,4,11,48,2006,3,8,36
5699,11/29/06,2006,4,11,48,2006,3,8,36
5700,11/30/06,2006,4,11,48,2006,3,8,36
5701,12/01/06,2006,4,12,48,2006,3,9,36
5702,12/02/06,2006,4,12,48,2006,3,9,36
5703,12/03/06,2006,4,12,49,2006,3,9,37
5704,12/04/06,2006,4,12,49,2006,3,9,37
5705,12/05/06,2006,4,12,49,2006,3,9,37
5706,12/06/06,2006,4,12,49,2006,3,9,37
5707,12/07/06,2006,4,12,49,2006,3,9,37
5708,12/08/06,2006,4,12,49,2006,3,9,37
5709,12/09/06,2006,4,12,49,2006,3,9,37
5710,12/10/06,2006,4,12,50,2006,3,9,38
5711,12/11/06,2006,4,12,50,2006,3,9,38
5712,12/12/06,2006,4,12,50,2006,3,9,38
5713,12/13/06,2006,4,12,50,2006,3,9,38
5714,12/14/06,2006,4,12,50,2006,3,9,38
5715,12/15/06,2006,4,12,50,2006,3,9,38
5716,12/16/06,2006,4,12,50,2006,3,9,38
5717,12/17/06,2006,4,12,51,2006,3,9,39
5718,12/18/06,2006,4,12,51,2006,3,9,39
5719,12/19/06,2006,4,12,51,2006,3,9,39
5720,12/20/06,2006,4,12,51,2006,3,9,39
5721,12/21/06,2006,4,12,51,2006,3,9,39
5722,12/22/06,2006,4,12,51,2006,3,9,39
5723,12/23/06,2006,4,12,51,2006,3,9,39
5724,12/24/06,2006,4,12,52,2006,3,9,40
5725,12/25/06,2006,4,12,52,2006,3,9,40
5726,12/26/06,2006,4,12,52,2006,3,9,40
5727,12/27/06,2006,4,12,52,2006,3,9,40
5728,12/28/06,2006,4,12,52,2006,3,9,40
5729,12/29/06,2006,4,12,52,2006,3,9,40
5730,12/30/06,2006,4,12,52,2006,3,9,40
5731,12/31/06,2006,4,12,1,2006,3,9,41
5732,01/01/07,2007,1,1,1,2007,4,10,41
5733,01/02/07,2007,1,1,1,2007,4,10,41
5734,01/03/07,2007,1,1,1,2007,4,10,41
5735,01/04/07,2007,1,1,1,2007,4,10,41
5736,01/05/07,2007,1,1,1,2007,4,10,41
5737,01/06/07,2007,1,1,1,2007,4,10,41
5738,01/07/07,2007,1,1,2,2007,4,10,42
5739,01/08/07,2007,1,1,2,2007,4,10,42
5740,01/09/07,2007,1,1,2,2007,4,10,42
5741,01/10/07,2007,1,1,2,2007,4,10,42
5742,01/11/07,2007,1,1,2,2007,4,10,42
5743,01/12/07,2007,1,1,2,2007,4,10,42
5744,01/13/07,2007,1,1,2,2007,4,10,42
5745,01/14/07,2007,1,1,3,2007,4,10,43
5746,01/15/07,2007,1,1,3,2007,4,10,43
5747,01/16/07,2007,1,1,3,2007,4,10,43
5748,01/17/07,2007,1,1,3,2007,4,10,43
5749,01/18/07,2007,1,1,3,2007,4,10,43
5750,01/19/07,2007,1,1,3,2007,4,10,43
5751,01/20/07,2007,1,1,3,2007,4,10,43
5752,01/21/07,2007,1,1,4,2007,4,10,44
5753,01/22/07,2007,1,1,4,2007,4,10,44
5754,01/23/07,2007,1,1,4,2007,4,10,44
5755,01/24/07,2007,1,1,4,2007,4,10,44
5756,01/25/07,2007,1,1,4,2007,4,10,44
5757,01/26/07,2007,1,1,4,2007,4,10,44
5758,01/27/07,2007,1,1,4,2007,4,10,44
5759,01/28/07,2007,1,1,5,2007,4,10,45
5760,01/29/07,2007,1,1,5,2007,4,10,45
5761,01/30/07,2007,1,1,5,2007,4,10,45
5762,01/31/07,2007,1,1,5,2007,4,10,45
5763,02/01/07,2007,1,2,5,2007,4,11,45
5764,02/02/07,2007,1,2,5,2007,4,11,45
5765,02/03/07,2007,1,2,5,2007,4,11,45
5766,02/04/07,2007,1,2,6,2007,4,11,46
5767,02/05/07,2007,1,2,6,2007,4,11,46
5768,02/06/07,2007,1,2,6,2007,4,11,46
5769,02/07/07,2007,1,2,6,2007,4,11,46
5770,02/08/07,2007,1,2,6,2007,4,11,46
5771,02/09/07,2007,1,2,6,2007,4,11,46
5772,02/10/07,2007,1,2,6,2007,4,11,46
5773,02/11/07,2007,1,2,7,2007,4,11,47
5774,02/12/07,2007,1,2,7,2007,4,11,47
5775,02/13/07,2007,1,2,7,2007,4,11,47
5776,02/14/07,2007,1,2,7,2007,4,11,47
5777,02/15/07,2007,1,2,7,2007,4,11,47
5778,02/16/07,2007,1,2,7,2007,4,11,47
5779,02/17/07,2007,1,2,7,2007,4,11,47
5780,02/18/07,2007,1,2,8,2007,4,11,48
5781,02/19/07,2007,1,2,8,2007,4,11,48
5782,02/20/07,2007,1,2,8,2007,4,11,48
5783,02/21/07,2007,1,2,8,2007,4,11,48
5784,02/22/07,2007,1,2,8,2007,4,11,48
5785,02/23/07,2007,1,2,8,2007,4,11,48
5786,02/24/07,2007,1,2,8,2007,4,11,48
5787,02/25/07,2007,1,2,9,2007,4,11,49
5788,02/26/07,2007,1,2,9,2007,4,11,49
5789,02/27/07,2007,1,2,9,2007,4,11,49
5790,02/28/07,2007,1,2,9,2007,4,11,49
5791,03/01/07,2007,1,3,9,2007,4,12,49
5792,03/02/07,2007,1,3,9,2007,4,12,49
5793,03/03/07,2007,1,3,9,2007,4,12,49
5794,03/04/07,2007,1,3,10,2007,4,12,50
5795,03/05/07,2007,1,3,10,2007,4,12,50
5796,03/06/07,2007,1,3,10,2007,4,12,50
5797,03/07/07,2007,1,3,10,2007,4,12,50
5798,03/08/07,2007,1,3,10,2007,4,12,50
5799,03/09/07,2007,1,3,10,2007,4,12,50
5800,03/10/07,2007,1,3,10,2007,4,12,50
5801,03/11/07,2007,1,3,11,2007,4,12,51
5802,03/12/07,2007,1,3,11,2007,4,12,51
5803,03/13/07,2007,1,3,11,2007,4,12,51
5804,03/14/07,2007,1,3,11,2007,4,12,51
5805,03/15/07,2007,1,3,11,2007,4,12,51
5806,03/16/07,2007,1,3,11,2007,4,12,51
5807,03/17/07,2007,1,3,11,2007,4,12,51
5808,03/18/07,2007,1,3,12,2007,4,12,52
5809,03/19/07,2007,1,3,12,2007,4,12,52
5810,03/20/07,2007,1,3,12,2007,4,12,52
5811,03/21/07,2007,1,3,12,2007,4,12,52
5812,03/22/07,2007,1,3,12,2007,4,12,52
5813,03/23/07,2007,1,3,12,2007,4,12,52
5814,03/24/07,2007,1,3,12,2007,4,12,52
5815,03/25/07,2007,1,3,13,2007,4,12,1
5816,03/26/07,2007,1,3,13,2007,4,12,1
5817,03/27/07,2007,1,3,13,2007,4,12,1
5818,03/28/07,2007,1,3,13,2007,4,12,1
5819,03/29/07,2007,1,3,13,2007,4,12,1
5820,03/30/07,2007,1,3,13,2007,4,12,1
5821,03/31/07,2007,1,3,13,2007,4,12,1
5822,04/01/07,2007,2,4,14,2007,1,1,2
5823,04/02/07,2007,2,4,14,2007,1,1,2
5824,04/03/07,2007,2,4,14,2007,1,1,2
5825,04/04/07,2007,2,4,14,2007,1,1,2
5826,04/05/07,2007,2,4,14,2007,1,1,2
5827,04/06/07,2007,2,4,14,2007,1,1,2
5828,04/07/07,2007,2,4,14,2007,1,1,2
5829,04/08/07,2007,2,4,15,2007,1,1,3
5830,04/09/07,2007,2,4,15,2007,1,1,3
5831,04/10/07,2007,2,4,15,2007,1,1,3
5832,04/11/07,2007,2,4,15,2007,1,1,3
5833,04/12/07,2007,2,4,15,2007,1,1,3
5834,04/13/07,2007,2,4,15,2007,1,1,3
5835,04/14/07,2007,2,4,15,2007,1,1,3
5836,04/15/07,2007,2,4,16,2007,1,1,4
5837,04/16/07,2007,2,4,16,2007,1,1,4
5838,04/17/07,2007,2,4,16,2007,1,1,4
5839,04/18/07,2007,2,4,16,2007,1,1,4
5840,04/19/07,2007,2,4,16,2007,1,1,4
5841,04/20/07,2007,2,4,16,2007,1,1,4
5842,04/21/07,2007,2,4,16,2007,1,1,4
5843,04/22/07,2007,2,4,17,2007,1,1,5
5844,04/23/07,2007,2,4,17,2007,1,1,5
5845,04/24/07,2007,2,4,17,2007,1,1,5
5846,04/25/07,2007,2,4,17,2007,1,1,5
5847,04/26/07,2007,2,4,17,2007,1,1,5
5848,04/27/07,2007,2,4,17,2007,1,1,5
5849,04/28/07,2007,2,4,17,2007,1,1,5
5850,04/29/07,2007,2,4,18,2007,1,1,6
5851,04/30/07,2007,2,4,18,2007,1,1,6
5852,05/01/07,2007,2,5,18,2007,1,2,6
5853,05/02/07,2007,2,5,18,2007,1,2,6
5854,05/03/07,2007,2,5,18,2007,1,2,6
5855,05/04/07,2007,2,5,18,2007,1,2,6
5856,05/05/07,2007,2,5,18,2007,1,2,6
5857,05/06/07,2007,2,5,19,2007,1,2,7
5858,05/07/07,2007,2,5,19,2007,1,2,7
5859,05/08/07,2007,2,5,19,2007,1,2,7
5860,05/09/07,2007,2,5,19,2007,1,2,7
5861,05/10/07,2007,2,5,19,2007,1,2,7
5862,05/11/07,2007,2,5,19,2007,1,2,7
5863,05/12/07,2007,2,5,19,2007,1,2,7
5864,05/13/07,2007,2,5,20,2007,1,2,8
5865,05/14/07,2007,2,5,20,2007,1,2,8
5866,05/15/07,2007,2,5,20,2007,1,2,8
5867,05/16/07,2007,2,5,20,2007,1,2,8
5868,05/17/07,2007,2,5,20,2007,1,2,8
5869,05/18/07,2007,2,5,20,2007,1,2,8
5870,05/19/07,2007,2,5,20,2007,1,2,8
5871,05/20/07,2007,2,5,21,2007,1,2,9
5872,05/21/07,2007,2,5,21,2007,1,2,9
5873,05/22/07,2007,2,5,21,2007,1,2,9
5874,05/23/07,2007,2,5,21,2007,1,2,9
5875,05/24/07,2007,2,5,21,2007,1,2,9
5876,05/25/07,2007,2,5,21,2007,1,2,9
5877,05/26/07,2007,2,5,21,2007,1,2,9
5878,05/27/07,2007,2,5,22,2007,1,2,10
5879,05/28/07,2007,2,5,22,2007,1,2,10
5880,05/29/07,2007,2,5,22,2007,1,2,10
5881,05/30/07,2007,2,5,22,2007,1,2,10
5882,05/31/07,2007,2,5,22,2007,1,2,10
5883,06/01/07,2007,2,6,22,2007,1,3,10
5884,06/02/07,2007,2,6,22,2007,1,3,10
5885,06/03/07,2007,2,6,23,2007,1,3,11
5886,06/04/07,2007,2,6,23,2007,1,3,11
5887,06/05/07,2007,2,6,23,2007,1,3,11
5888,06/06/07,2007,2,6,23,2007,1,3,11
5889,06/07/07,2007,2,6,23,2007,1,3,11
5890,06/08/07,2007,2,6,23,2007,1,3,11
5891,06/09/07,2007,2,6,23,2007,1,3,11
5892,06/10/07,2007,2,6,24,2007,1,3,12
5893,06/11/07,2007,2,6,24,2007,1,3,12
5894,06/12/07,2007,2,6,24,2007,1,3,12
5895,06/13/07,2007,2,6,24,2007,1,3,12
5896,06/14/07,2007,2,6,24,2007,1,3,12
5897,06/15/07,2007,2,6,24,2007,1,3,12
5898,06/16/07,2007,2,6,24,2007,1,3,12
5899,06/17/07,2007,2,6,25,2007,1,3,13
5900,06/18/07,2007,2,6,25,2007,1,3,13
5901,06/19/07,2007,2,6,25,2007,1,3,13
5902,06/20/07,2007,2,6,25,2007,1,3,13
5903,06/21/07,2007,2,6,25,2007,1,3,13
5904,06/22/07,2007,2,6,25,2007,1,3,13
5905,06/23/07,2007,2,6,25,2007,1,3,13
5906,06/24/07,2007,2,6,26,2007,1,3,14
5907,06/25/07,2007,2,6,26,2007,1,3,14
5908,06/26/07,2007,2,6,26,2007,1,3,14
5909,06/27/07,2007,2,6,26,2007,1,3,14
5910,06/28/07,2007,2,6,26,2007,1,3,14
5911,06/29/07,2007,2,6,26,2007,1,3,14
5912,06/30/07,2007,2,6,26,2007,1,3,14
5913,07/01/07,2007,3,7,27,2007,2,4,15
5914,07/02/07,2007,3,7,27,2007,2,4,15
5915,07/03/07,2007,3,7,27,2007,2,4,15
5916,07/04/07,2007,3,7,27,2007,2,4,15
5917,07/05/07,2007,3,7,27,2007,2,4,15
5918,07/06/07,2007,3,7,27,2007,2,4,15
5919,07/07/07,2007,3,7,27,2007,2,4,15
5920,07/08/07,2007,3,7,28,2007,2,4,16
5921,07/09/07,2007,3,7,28,2007,2,4,16
5922,07/10/07,2007,3,7,28,2007,2,4,16
5923,07/11/07,2007,3,7,28,2007,2,4,16
5924,07/12/07,2007,3,7,28,2007,2,4,16
5925,07/13/07,2007,3,7,28,2007,2,4,16
5926,07/14/07,2007,3,7,28,2007,2,4,16
5927,07/15/07,2007,3,7,29,2007,2,4,17
5928,07/16/07,2007,3,7,29,2007,2,4,17
5929,07/17/07,2007,3,7,29,2007,2,4,17
5930,07/18/07,2007,3,7,29,2007,2,4,17
5931,07/19/07,2007,3,7,29,2007,2,4,17
5932,07/20/07,2007,3,7,29,2007,2,4,17
5933,07/21/07,2007,3,7,29,2007,2,4,17
5934,07/22/07,2007,3,7,30,2007,2,4,18
5935,07/23/07,2007,3,7,30,2007,2,4,18
5936,07/24/07,2007,3,7,30,2007,2,4,18
5937,07/25/07,2007,3,7,30,2007,2,4,18
5938,07/26/07,2007,3,7,30,2007,2,4,18
5939,07/27/07,2007,3,7,30,2007,2,4,18
5940,07/28/07,2007,3,7,30,2007,2,4,18
5941,07/29/07,2007,3,7,31,2007,2,4,19
5942,07/30/07,2007,3,7,31,2007,2,4,19
5943,07/31/07,2007,3,7,31,2007,2,4,19
5944,08/01/07,2007,3,8,31,2007,2,5,19
5945,08/02/07,2007,3,8,31,2007,2,5,19
5946,08/03/07,2007,3,8,31,2007,2,5,19
5947,08/04/07,2007,3,8,31,2007,2,5,19
5948,08/05/07,2007,3,8,32,2007,2,5,20
5949,08/06/07,2007,3,8,32,2007,2,5,20
5950,08/07/07,2007,3,8,32,2007,2,5,20
5951,08/08/07,2007,3,8,32,2007,2,5,20
5952,08/09/07,2007,3,8,32,2007,2,5,20
5953,08/10/07,2007,3,8,32,2007,2,5,20
5954,08/11/07,2007,3,8,32,2007,2,5,20
5955,08/12/07,2007,3,8,33,2007,2,5,21
5956,08/13/07,2007,3,8,33,2007,2,5,21
5957,08/14/07,2007,3,8,33,2007,2,5,21
5958,08/15/07,2007,3,8,33,2007,2,5,21
5959,08/16/07,2007,3,8,33,2007,2,5,21
5960,08/17/07,2007,3,8,33,2007,2,5,21
5961,08/18/07,2007,3,8,33,2007,2,5,21
5962,08/19/07,2007,3,8,34,2007,2,5,22
5963,08/20/07,2007,3,8,34,2007,2,5,22
5964,08/21/07,2007,3,8,34,2007,2,5,22
5965,08/22/07,2007,3,8,34,2007,2,5,22
5966,08/23/07,2007,3,8,34,2007,2,5,22
5967,08/24/07,2007,3,8,34,2007,2,5,22
5968,08/25/07,2007,3,8,34,2007,2,5,22
5969,08/26/07,2007,3,8,35,2007,2,5,23
5970,08/27/07,2007,3,8,35,2007,2,5,23
5971,08/28/07,2007,3,8,35,2007,2,5,23
5972,08/29/07,2007,3,8,35,2007,2,5,23
5973,08/30/07,2007,3,8,35,2007,2,5,23
5974,08/31/07,2007,3,8,35,2007,2,5,23
5975,09/01/07,2007,3,9,35,2007,2,6,23
5976,09/02/07,2007,3,9,36,2007,2,6,24
5977,09/03/07,2007,3,9,36,2007,2,6,24
5978,09/04/07,2007,3,9,36,2007,2,6,24
5979,09/05/07,2007,3,9,36,2007,2,6,24
5980,09/06/07,2007,3,9,36,2007,2,6,24
5981,09/07/07,2007,3,9,36,2007,2,6,24
5982,09/08/07,2007,3,9,36,2007,2,6,24
5983,09/09/07,2007,3,9,37,2007,2,6,25
5984,09/10/07,2007,3,9,37,2007,2,6,25
5985,09/11/07,2007,3,9,37,2007,2,6,25
5986,09/12/07,2007,3,9,37,2007,2,6,25
5987,09/13/07,2007,3,9,37,2007,2,6,25
5988,09/14/07,2007,3,9,37,2007,2,6,25
5989,09/15/07,2007,3,9,37,2007,2,6,25
5990,09/16/07,2007,3,9,38,2007,2,6,26
5991,09/17/07,2007,3,9,38,2007,2,6,26
5992,09/18/07,2007,3,9,38,2007,2,6,26
5993,09/19/07,2007,3,9,38,2007,2,6,26
5994,09/20/07,2007,3,9,38,2007,2,6,26
5995,09/21/07,2007,3,9,38,2007,2,6,26
5996,09/22/07,2007,3,9,38,2007,2,6,26
5997,09/23/07,2007,3,9,39,2007,2,6,27
5998,09/24/07,2007,3,9,39,2007,2,6,27
5999,09/25/07,2007,3,9,39,2007,2,6,27
6000,09/26/07,2007,3,9,39,2007,2,6,27
6001,09/27/07,2007,3,9,39,2007,2,6,27
6002,09/28/07,2007,3,9,39,2007,2,6,27
6003,09/29/07,2007,3,9,39,2007,2,6,27
6004,09/30/07,2007,3,9,40,2007,2,6,28
6005,10/01/07,2007,4,10,40,2007,3,7,28
6006,10/02/07,2007,4,10,40,2007,3,7,28
6007,10/03/07,2007,4,10,40,2007,3,7,28
6008,10/04/07,2007,4,10,40,2007,3,7,28
6009,10/05/07,2007,4,10,40,2007,3,7,28
6010,10/06/07,2007,4,10,40,2007,3,7,28
6011,10/07/07,2007,4,10,41,2007,3,7,29
6012,10/08/07,2007,4,10,41,2007,3,7,29
6013,10/09/07,2007,4,10,41,2007,3,7,29
6014,10/10/07,2007,4,10,41,2007,3,7,29
6015,10/11/07,2007,4,10,41,2007,3,7,29
6016,10/12/07,2007,4,10,41,2007,3,7,29
6017,10/13/07,2007,4,10,41,2007,3,7,29
6018,10/14/07,2007,4,10,42,2007,3,7,30
6019,10/15/07,2007,4,10,42,2007,3,7,30
6020,10/16/07,2007,4,10,42,2007,3,7,30
6021,10/17/07,2007,4,10,42,2007,3,7,30
6022,10/18/07,2007,4,10,42,2007,3,7,30
6023,10/19/07,2007,4,10,42,2007,3,7,30
6024,10/20/07,2007,4,10,42,2007,3,7,30
6025,10/21/07,2007,4,10,43,2007,3,7,31
6026,10/22/07,2007,4,10,43,2007,3,7,31
6027,10/23/07,2007,4,10,43,2007,3,7,31
6028,10/24/07,2007,4,10,43,2007,3,7,31
6029,10/25/07,2007,4,10,43,2007,3,7,31
6030,10/26/07,2007,4,10,43,2007,3,7,31
6031,10/27/07,2007,4,10,43,2007,3,7,31
6032,10/28/07,2007,4,10,44,2007,3,7,32
6033,10/29/07,2007,4,10,44,2007,3,7,32
6034,10/30/07,2007,4,10,44,2007,3,7,32
6035,10/31/07,2007,4,10,44,2007,3,7,32
6036,11/01/07,2007,4,11,44,2007,3,8,32
6037,11/02/07,2007,4,11,44,2007,3,8,32
6038,11/03/07,2007,4,11,44,2007,3,8,32
6039,11/04/07,2007,4,11,45,2007,3,8,33
6040,11/05/07,2007,4,11,45,2007,3,8,33
6041,11/06/07,2007,4,11,45,2007,3,8,33
6042,11/07/07,2007,4,11,45,2007,3,8,33
6043,11/08/07,2007,4,11,45,2007,3,8,33
6044,11/09/07,2007,4,11,45,2007,3,8,33
6045,11/10/07,2007,4,11,45,2007,3,8,33
6046,11/11/07,2007,4,11,46,2007,3,8,34
6047,11/12/07,2007,4,11,46,2007,3,8,34
6048,11/13/07,2007,4,11,46,2007,3,8,34
6049,11/14/07,2007,4,11,46,2007,3,8,34
6050,11/15/07,2007,4,11,46,2007,3,8,34
6051,11/16/07,2007,4,11,46,2007,3,8,34
6052,11/17/07,2007,4,11,46,2007,3,8,34
6053,11/18/07,2007,4,11,47,2007,3,8,35
6054,11/19/07,2007,4,11,47,2007,3,8,35
6055,11/20/07,2007,4,11,47,2007,3,8,35
6056,11/21/07,2007,4,11,47,2007,3,8,35
6057,11/22/07,2007,4,11,47,2007,3,8,35
6058,11/23/07,2007,4,11,47,2007,3,8,35
6059,11/24/07,2007,4,11,47,2007,3,8,35
6060,11/25/07,2007,4,11,48,2007,3,8,36
6061,11/26/07,2007,4,11,48,2007,3,8,36
6062,11/27/07,2007,4,11,48,2007,3,8,36
6063,11/28/07,2007,4,11,48,2007,3,8,36
6064,11/29/07,2007,4,11,48,2007,3,8,36
6065,11/30/07,2007,4,11,48,2007,3,8,36
6066,12/01/07,2007,4,12,48,2007,3,9,36
6067,12/02/07,2007,4,12,49,2007,3,9,37
6068,12/03/07,2007,4,12,49,2007,3,9,37
6069,12/04/07,2007,4,12,49,2007,3,9,37
6070,12/05/07,2007,4,12,49,2007,3,9,37
6071,12/06/07,2007,4,12,49,2007,3,9,37
6072,12/07/07,2007,4,12,49,2007,3,9,37
6073,12/08/07,2007,4,12,49,2007,3,9,37
6074,12/09/07,2007,4,12,50,2007,3,9,38
6075,12/10/07,2007,4,12,50,2007,3,9,38
6076,12/11/07,2007,4,12,50,2007,3,9,38
6077,12/12/07,2007,4,12,50,2007,3,9,38
6078,12/13/07,2007,4,12,50,2007,3,9,38
6079,12/14/07,2007,4,12,50,2007,3,9,38
6080,12/15/07,2007,4,12,50,2007,3,9,38
6081,12/16/07,2007,4,12,51,2007,3,9,39
6082,12/17/07,2007,4,12,51,2007,3,9,39
6083,12/18/07,2007,4,12,51,2007,3,9,39
6084,12/19/07,2007,4,12,51,2007,3,9,39
6085,12/20/07,2007,4,12,51,2007,3,9,39
6086,12/21/07,2007,4,12,51,2007,3,9,39
6087,12/22/07,2007,4,12,51,2007,3,9,39
6088,12/23/07,2007,4,12,52,2007,3,9,40
6089,12/24/07,2007,4,12,52,2007,3,9,40
6090,12/25/07,2007,4,12,52,2007,3,9,40
6091,12/26/07,2007,4,12,52,2007,3,9,40
6092,12/27/07,2007,4,12,52,2007,3,9,40
6093,12/28/07,2007,4,12,52,2007,3,9,40
6094,12/29/07,2007,4,12,52,2007,3,9,40
6095,12/30/07,2007,4,12,1,2007,3,9,41
6096,12/31/07,2007,4,12,1,2007,3,9,41
6097,01/01/08,2008,1,1,1,2008,4,10,41
6098,01/02/08,2008,1,1,1,2008,4,10,41
6099,01/03/08,2008,1,1,1,2008,4,10,41
6100,01/04/08,2008,1,1,1,2008,4,10,41
6101,01/05/08,2008,1,1,1,2008,4,10,41
6102,01/06/08,2008,1,1,2,2008,4,10,42
6103,01/07/08,2008,1,1,2,2008,4,10,42
6104,01/08/08,2008,1,1,2,2008,4,10,42
6105,01/09/08,2008,1,1,2,2008,4,10,42
6106,01/10/08,2008,1,1,2,2008,4,10,42
6107,01/11/08,2008,1,1,2,2008,4,10,42
6108,01/12/08,2008,1,1,2,2008,4,10,42
6109,01/13/08,2008,1,1,3,2008,4,10,43
6110,01/14/08,2008,1,1,3,2008,4,10,43
6111,01/15/08,2008,1,1,3,2008,4,10,43
6112,01/16/08,2008,1,1,3,2008,4,10,43
6113,01/17/08,2008,1,1,3,2008,4,10,43
6114,01/18/08,2008,1,1,3,2008,4,10,43
6115,01/19/08,2008,1,1,3,2008,4,10,43
6116,01/20/08,2008,1,1,4,2008,4,10,44
6117,01/21/08,2008,1,1,4,2008,4,10,44
6118,01/22/08,2008,1,1,4,2008,4,10,44
6119,01/23/08,2008,1,1,4,2008,4,10,44
6120,01/24/08,2008,1,1,4,2008,4,10,44
6121,01/25/08,2008,1,1,4,2008,4,10,44
6122,01/26/08,2008,1,1,4,2008,4,10,44
6123,01/27/08,2008,1,1,5,2008,4,10,45
6124,01/28/08,2008,1,1,5,2008,4,10,45
6125,01/29/08,2008,1,1,5,2008,4,10,45
6126,01/30/08,2008,1,1,5,2008,4,10,45
6127,01/31/08,2008,1,1,5,2008,4,10,45
6128,02/01/08,2008,1,2,5,2008,4,11,45
6129,02/02/08,2008,1,2,5,2008,4,11,45
6130,02/03/08,2008,1,2,6,2008,4,11,46
6131,02/04/08,2008,1,2,6,2008,4,11,46
6132,02/05/08,2008,1,2,6,2008,4,11,46
6133,02/06/08,2008,1,2,6,2008,4,11,46
6134,02/07/08,2008,1,2,6,2008,4,11,46
6135,02/08/08,2008,1,2,6,2008,4,11,46
6136,02/09/08,2008,1,2,6,2008,4,11,46
6137,02/10/08,2008,1,2,7,2008,4,11,47
6138,02/11/08,2008,1,2,7,2008,4,11,47
6139,02/12/08,2008,1,2,7,2008,4,11,47
6140,02/13/08,2008,1,2,7,2008,4,11,47
6141,02/14/08,2008,1,2,7,2008,4,11,47
6142,02/15/08,2008,1,2,7,2008,4,11,47
6143,02/16/08,2008,1,2,7,2008,4,11,47
6144,02/17/08,2008,1,2,8,2008,4,11,48
6145,02/18/08,2008,1,2,8,2008,4,11,48
6146,02/19/08,2008,1,2,8,2008,4,11,48
6147,02/20/08,2008,1,2,8,2008,4,11,48
6148,02/21/08,2008,1,2,8,2008,4,11,48
6149,02/22/08,2008,1,2,8,2008,4,11,48
6150,02/23/08,2008,1,2,8,2008,4,11,48
6151,02/24/08,2008,1,2,9,2008,4,11,49
6152,02/25/08,2008,1,2,9,2008,4,11,49
6153,02/26/08,2008,1,2,9,2008,4,11,49
6154,02/27/08,2008,1,2,9,2008,4,11,49
6155,02/28/08,2008,1,2,9,2008,4,11,49
6156,02/29/08,2008,1,2,9,2008,4,11,49
6157,03/01/08,2008,1,3,9,2008,4,12,49
6158,03/02/08,2008,1,3,10,2008,4,12,50
6159,03/03/08,2008,1,3,10,2008,4,12,50
6160,03/04/08,2008,1,3,10,2008,4,12,50
6161,03/05/08,2008,1,3,10,2008,4,12,50
6162,03/06/08,2008,1,3,10,2008,4,12,50
6163,03/07/08,2008,1,3,10,2008,4,12,50
6164,03/08/08,2008,1,3,10,2008,4,12,50
6165,03/09/08,2008,1,3,11,2008,4,12,51
6166,03/10/08,2008,1,3,11,2008,4,12,51
6167,03/11/08,2008,1,3,11,2008,4,12,51
6168,03/12/08,2008,1,3,11,2008,4,12,51
6169,03/13/08,2008,1,3,11,2008,4,12,51
6170,03/14/08,2008,1,3,11,2008,4,12,51
6171,03/15/08,2008,1,3,11,2008,4,12,51
6172,03/16/08,2008,1,3,12,2008,4,12,52
6173,03/17/08,2008,1,3,12,2008,4,12,52
6174,03/18/08,2008,1,3,12,2008,4,12,52
6175,03/19/08,2008,1,3,12,2008,4,12,52
6176,03/20/08,2008,1,3,12,2008,4,12,52
6177,03/21/08,2008,1,3,12,2008,4,12,52
6178,03/22/08,2008,1,3,12,2008,4,12,52
6179,03/23/08,2008,1,3,13,2008,4,12,1
6180,03/24/08,2008,1,3,13,2008,4,12,1
6181,03/25/08,2008,1,3,13,2008,4,12,1
6182,03/26/08,2008,1,3,13,2008,4,12,1
6183,03/27/08,2008,1,3,13,2008,4,12,1
6184,03/28/08,2008,1,3,13,2008,4,12,1
6185,03/29/08,2008,1,3,13,2008,4,12,1
6186,03/30/08,2008,1,3,14,2008,4,12,2
6187,03/31/08,2008,1,3,14,2008,4,12,2
6188,04/01/08,2008,2,4,14,2008,1,1,2
6189,04/02/08,2008,2,4,14,2008,1,1,2
6190,04/03/08,2008,2,4,14,2008,1,1,2
6191,04/04/08,2008,2,4,14,2008,1,1,2
6192,04/05/08,2008,2,4,14,2008,1,1,2
6193,04/06/08,2008,2,4,15,2008,1,1,3
6194,04/07/08,2008,2,4,15,2008,1,1,3
6195,04/08/08,2008,2,4,15,2008,1,1,3
6196,04/09/08,2008,2,4,15,2008,1,1,3
6197,04/10/08,2008,2,4,15,2008,1,1,3
6198,04/11/08,2008,2,4,15,2008,1,1,3
6199,04/12/08,2008,2,4,15,2008,1,1,3
6200,04/13/08,2008,2,4,16,2008,1,1,4
6201,04/14/08,2008,2,4,16,2008,1,1,4
6202,04/15/08,2008,2,4,16,2008,1,1,4
6203,04/16/08,2008,2,4,16,2008,1,1,4
6204,04/17/08,2008,2,4,16,2008,1,1,4
6205,04/18/08,2008,2,4,16,2008,1,1,4
6206,04/19/08,2008,2,4,16,2008,1,1,4
6207,04/20/08,2008,2,4,17,2008,1,1,5
6208,04/21/08,2008,2,4,17,2008,1,1,5
6209,04/22/08,2008,2,4,17,2008,1,1,5
6210,04/23/08,2008,2,4,17,2008,1,1,5
6211,04/24/08,2008,2,4,17,2008,1,1,5
6212,04/25/08,2008,2,4,17,2008,1,1,5
6213,04/26/08,2008,2,4,17,2008,1,1,5
6214,04/27/08,2008,2,4,18,2008,1,1,6
6215,04/28/08,2008,2,4,18,2008,1,1,6
6216,04/29/08,2008,2,4,18,2008,1,1,6
6217,04/30/08,2008,2,4,18,2008,1,1,6
6218,05/01/08,2008,2,5,18,2008,1,2,6
6219,05/02/08,2008,2,5,18,2008,1,2,6
6220,05/03/08,2008,2,5,18,2008,1,2,6
6221,05/04/08,2008,2,5,19,2008,1,2,7
6222,05/05/08,2008,2,5,19,2008,1,2,7
6223,05/06/08,2008,2,5,19,2008,1,2,7
6224,05/07/08,2008,2,5,19,2008,1,2,7
6225,05/08/08,2008,2,5,19,2008,1,2,7
6226,05/09/08,2008,2,5,19,2008,1,2,7
6227,05/10/08,2008,2,5,19,2008,1,2,7
6228,05/11/08,2008,2,5,20,2008,1,2,8
6229,05/12/08,2008,2,5,20,2008,1,2,8
6230,05/13/08,2008,2,5,20,2008,1,2,8
6231,05/14/08,2008,2,5,20,2008,1,2,8
6232,05/15/08,2008,2,5,20,2008,1,2,8
6233,05/16/08,2008,2,5,20,2008,1,2,8
6234,05/17/08,2008,2,5,20,2008,1,2,8
6235,05/18/08,2008,2,5,21,2008,1,2,9
6236,05/19/08,2008,2,5,21,2008,1,2,9
6237,05/20/08,2008,2,5,21,2008,1,2,9
6238,05/21/08,2008,2,5,21,2008,1,2,9
6239,05/22/08,2008,2,5,21,2008,1,2,9
6240,05/23/08,2008,2,5,21,2008,1,2,9
6241,05/24/08,2008,2,5,21,2008,1,2,9
6242,05/25/08,2008,2,5,22,2008,1,2,10
6243,05/26/08,2008,2,5,22,2008,1,2,10
6244,05/27/08,2008,2,5,22,2008,1,2,10
6245,05/28/08,2008,2,5,22,2008,1,2,10
6246,05/29/08,2008,2,5,22,2008,1,2,10
6247,05/30/08,2008,2,5,22,2008,1,2,10
6248,05/31/08,2008,2,5,22,2008,1,2,10
6249,06/01/08,2008,2,6,23,2008,1,3,11
6250,06/02/08,2008,2,6,23,2008,1,3,11
6251,06/03/08,2008,2,6,23,2008,1,3,11
6252,06/04/08,2008,2,6,23,2008,1,3,11
6253,06/05/08,2008,2,6,23,2008,1,3,11
6254,06/06/08,2008,2,6,23,2008,1,3,11
6255,06/07/08,2008,2,6,23,2008,1,3,11
6256,06/08/08,2008,2,6,24,2008,1,3,12
6257,06/09/08,2008,2,6,24,2008,1,3,12
6258,06/10/08,2008,2,6,24,2008,1,3,12
6259,06/11/08,2008,2,6,24,2008,1,3,12
6260,06/12/08,2008,2,6,24,2008,1,3,12
6261,06/13/08,2008,2,6,24,2008,1,3,12
6262,06/14/08,2008,2,6,24,2008,1,3,12
6263,06/15/08,2008,2,6,25,2008,1,3,13
6264,06/16/08,2008,2,6,25,2008,1,3,13
6265,06/17/08,2008,2,6,25,2008,1,3,13
6266,06/18/08,2008,2,6,25,2008,1,3,13
6267,06/19/08,2008,2,6,25,2008,1,3,13
6268,06/20/08,2008,2,6,25,2008,1,3,13
6269,06/21/08,2008,2,6,25,2008,1,3,13
6270,06/22/08,2008,2,6,26,2008,1,3,14
6271,06/23/08,2008,2,6,26,2008,1,3,14
6272,06/24/08,2008,2,6,26,2008,1,3,14
6273,06/25/08,2008,2,6,26,2008,1,3,14
6274,06/26/08,2008,2,6,26,2008,1,3,14
6275,06/27/08,2008,2,6,26,2008,1,3,14
6276,06/28/08,2008,2,6,26,2008,1,3,14
6277,06/29/08,2008,2,6,27,2008,1,3,15
6278,06/30/08,2008,2,6,27,2008,1,3,15
6279,07/01/08,2008,3,7,27,2008,2,4,15
6280,07/02/08,2008,3,7,27,2008,2,4,15
6281,07/03/08,2008,3,7,27,2008,2,4,15
6282,07/04/08,2008,3,7,27,2008,2,4,15
6283,07/05/08,2008,3,7,27,2008,2,4,15
6284,07/06/08,2008,3,7,28,2008,2,4,16
6285,07/07/08,2008,3,7,28,2008,2,4,16
6286,07/08/08,2008,3,7,28,2008,2,4,16
6287,07/09/08,2008,3,7,28,2008,2,4,16
6288,07/10/08,2008,3,7,28,2008,2,4,16
6289,07/11/08,2008,3,7,28,2008,2,4,16
6290,07/12/08,2008,3,7,28,2008,2,4,16
6291,07/13/08,2008,3,7,29,2008,2,4,17
6292,07/14/08,2008,3,7,29,2008,2,4,17
6293,07/15/08,2008,3,7,29,2008,2,4,17
6294,07/16/08,2008,3,7,29,2008,2,4,17
6295,07/17/08,2008,3,7,29,2008,2,4,17
6296,07/18/08,2008,3,7,29,2008,2,4,17
6297,07/19/08,2008,3,7,29,2008,2,4,17
6298,07/20/08,2008,3,7,30,2008,2,4,18
6299,07/21/08,2008,3,7,30,2008,2,4,18
6300,07/22/08,2008,3,7,30,2008,2,4,18
6301,07/23/08,2008,3,7,30,2008,2,4,18
6302,07/24/08,2008,3,7,30,2008,2,4,18
6303,07/25/08,2008,3,7,30,2008,2,4,18
6304,07/26/08,2008,3,7,30,2008,2,4,18
6305,07/27/08,2008,3,7,31,2008,2,4,19
6306,07/28/08,2008,3,7,31,2008,2,4,19
6307,07/29/08,2008,3,7,31,2008,2,4,19
6308,07/30/08,2008,3,7,31,2008,2,4,19
6309,07/31/08,2008,3,7,31,2008,2,4,19
6310,08/01/08,2008,3,8,31,2008,2,5,19
6311,08/02/08,2008,3,8,31,2008,2,5,19
6312,08/03/08,2008,3,8,32,2008,2,5,20
6313,08/04/08,2008,3,8,32,2008,2,5,20
6314,08/05/08,2008,3,8,32,2008,2,5,20
6315,08/06/08,2008,3,8,32,2008,2,5,20
6316,08/07/08,2008,3,8,32,2008,2,5,20
6317,08/08/08,2008,3,8,32,2008,2,5,20
6318,08/09/08,2008,3,8,32,2008,2,5,20
6319,08/10/08,2008,3,8,33,2008,2,5,21
6320,08/11/08,2008,3,8,33,2008,2,5,21
6321,08/12/08,2008,3,8,33,2008,2,5,21
6322,08/13/08,2008,3,8,33,2008,2,5,21
6323,08/14/08,2008,3,8,33,2008,2,5,21
6324,08/15/08,2008,3,8,33,2008,2,5,21
6325,08/16/08,2008,3,8,33,2008,2,5,21
6326,08/17/08,2008,3,8,34,2008,2,5,22
6327,08/18/08,2008,3,8,34,2008,2,5,22
6328,08/19/08,2008,3,8,34,2008,2,5,22
6329,08/20/08,2008,3,8,34,2008,2,5,22
6330,08/21/08,2008,3,8,34,2008,2,5,22
6331,08/22/08,2008,3,8,34,2008,2,5,22
6332,08/23/08,2008,3,8,34,2008,2,5,22
6333,08/24/08,2008,3,8,35,2008,2,5,23
6334,08/25/08,2008,3,8,35,2008,2,5,23
6335,08/26/08,2008,3,8,35,2008,2,5,23
6336,08/27/08,2008,3,8,35,2008,2,5,23
6337,08/28/08,2008,3,8,35,2008,2,5,23
6338,08/29/08,2008,3,8,35,2008,2,5,23
6339,08/30/08,2008,3,8,35,2008,2,5,23
6340,08/31/08,2008,3,8,36,2008,2,5,24
6341,09/01/08,2008,3,9,36,2008,2,6,24
6342,09/02/08,2008,3,9,36,2008,2,6,24
6343,09/03/08,2008,3,9,36,2008,2,6,24
6344,09/04/08,2008,3,9,36,2008,2,6,24
6345,09/05/08,2008,3,9,36,2008,2,6,24
6346,09/06/08,2008,3,9,36,2008,2,6,24
6347,09/07/08,2008,3,9,37,2008,2,6,25
6348,09/08/08,2008,3,9,37,2008,2,6,25
6349,09/09/08,2008,3,9,37,2008,2,6,25
6350,09/10/08,2008,3,9,37,2008,2,6,25
6351,09/11/08,2008,3,9,37,2008,2,6,25
6352,09/12/08,2008,3,9,37,2008,2,6,25
6353,09/13/08,2008,3,9,37,2008,2,6,25
6354,09/14/08,2008,3,9,38,2008,2,6,26
6355,09/15/08,2008,3,9,38,2008,2,6,26
6356,09/16/08,2008,3,9,38,2008,2,6,26
6357,09/17/08,2008,3,9,38,2008,2,6,26
6358,09/18/08,2008,3,9,38,2008,2,6,26
6359,09/19/08,2008,3,9,38,2008,2,6,26
6360,09/20/08,2008,3,9,38,2008,2,6,26
6361,09/21/08,2008,3,9,39,2008,2,6,27
6362,09/22/08,2008,3,9,39,2008,2,6,27
6363,09/23/08,2008,3,9,39,2008,2,6,27
6364,09/24/08,2008,3,9,39,2008,2,6,27
6365,09/25/08,2008,3,9,39,2008,2,6,27
6366,09/26/08,2008,3,9,39,2008,2,6,27
6367,09/27/08,2008,3,9,39,2008,2,6,27
6368,09/28/08,2008,3,9,40,2008,2,6,28
6369,09/29/08,2008,3,9,40,2008,2,6,28
6370,09/30/08,2008,3,9,40,2008,2,6,28
6371,10/01/08,2008,4,10,40,2008,3,7,28
6372,10/02/08,2008,4,10,40,2008,3,7,28
6373,10/03/08,2008,4,10,40,2008,3,7,28
6374,10/04/08,2008,4,10,40,2008,3,7,28
6375,10/05/08,2008,4,10,41,2008,3,7,29
6376,10/06/08,2008,4,10,41,2008,3,7,29
6377,10/07/08,2008,4,10,41,2008,3,7,29
6378,10/08/08,2008,4,10,41,2008,3,7,29
6379,10/09/08,2008,4,10,41,2008,3,7,29
6380,10/10/08,2008,4,10,41,2008,3,7,29
6381,10/11/08,2008,4,10,41,2008,3,7,29
6382,10/12/08,2008,4,10,42,2008,3,7,30
6383,10/13/08,2008,4,10,42,2008,3,7,30
6384,10/14/08,2008,4,10,42,2008,3,7,30
6385,10/15/08,2008,4,10,42,2008,3,7,30
6386,10/16/08,2008,4,10,42,2008,3,7,30
6387,10/17/08,2008,4,10,42,2008,3,7,30
6388,10/18/08,2008,4,10,42,2008,3,7,30
6389,10/19/08,2008,4,10,43,2008,3,7,31
6390,10/20/08,2008,4,10,43,2008,3,7,31
6391,10/21/08,2008,4,10,43,2008,3,7,31
6392,10/22/08,2008,4,10,43,2008,3,7,31
6393,10/23/08,2008,4,10,43,2008,3,7,31
6394,10/24/08,2008,4,10,43,2008,3,7,31
6395,10/25/08,2008,4,10,43,2008,3,7,31
6396,10/26/08,2008,4,10,44,2008,3,7,32
6397,10/27/08,2008,4,10,44,2008,3,7,32
6398,10/28/08,2008,4,10,44,2008,3,7,32
6399,10/29/08,2008,4,10,44,2008,3,7,32
6400,10/30/08,2008,4,10,44,2008,3,7,32
6401,10/31/08,2008,4,10,44,2008,3,7,32
6402,11/01/08,2008,4,11,44,2008,3,8,32
6403,11/02/08,2008,4,11,45,2008,3,8,33
6404,11/03/08,2008,4,11,45,2008,3,8,33
6405,11/04/08,2008,4,11,45,2008,3,8,33
6406,11/05/08,2008,4,11,45,2008,3,8,33
6407,11/06/08,2008,4,11,45,2008,3,8,33
6408,11/07/08,2008,4,11,45,2008,3,8,33
6409,11/08/08,2008,4,11,45,2008,3,8,33
6410,11/09/08,2008,4,11,46,2008,3,8,34
6411,11/10/08,2008,4,11,46,2008,3,8,34
6412,11/11/08,2008,4,11,46,2008,3,8,34
6413,11/12/08,2008,4,11,46,2008,3,8,34
6414,11/13/08,2008,4,11,46,2008,3,8,34
6415,11/14/08,2008,4,11,46,2008,3,8,34
6416,11/15/08,2008,4,11,46,2008,3,8,34
6417,11/16/08,2008,4,11,47,2008,3,8,35
6418,11/17/08,2008,4,11,47,2008,3,8,35
6419,11/18/08,2008,4,11,47,2008,3,8,35
6420,11/19/08,2008,4,11,47,2008,3,8,35
6421,11/20/08,2008,4,11,47,2008,3,8,35
6422,11/21/08,2008,4,11,47,2008,3,8,35
6423,11/22/08,2008,4,11,47,2008,3,8,35
6424,11/23/08,2008,4,11,48,2008,3,8,36
6425,11/24/08,2008,4,11,48,2008,3,8,36
6426,11/25/08,2008,4,11,48,2008,3,8,36
6427,11/26/08,2008,4,11,48,2008,3,8,36
6428,11/27/08,2008,4,11,48,2008,3,8,36
6429,11/28/08,2008,4,11,48,2008,3,8,36
6430,11/29/08,2008,4,11,48,2008,3,8,36
6431,11/30/08,2008,4,11,49,2008,3,8,37
6432,12/01/08,2008,4,12,49,2008,3,9,37
6433,12/02/08,2008,4,12,49,2008,3,9,37
6434,12/03/08,2008,4,12,49,2008,3,9,37
6435,12/04/08,2008,4,12,49,2008,3,9,37
6436,12/05/08,2008,4,12,49,2008,3,9,37
6437,12/06/08,2008,4,12,49,2008,3,9,37
6438,12/07/08,2008,4,12,50,2008,3,9,38
6439,12/08/08,2008,4,12,50,2008,3,9,38
6440,12/09/08,2008,4,12,50,2008,3,9,38
6441,12/10/08,2008,4,12,50,2008,3,9,38
6442,12/11/08,2008,4,12,50,2008,3,9,38
6443,12/12/08,2008,4,12,50,2008,3,9,38
6444,12/13/08,2008,4,12,50,2008,3,9,38
6445,12/14/08,2008,4,12,51,2008,3,9,39
6446,12/15/08,2008,4,12,51,2008,3,9,39
6447,12/16/08,2008,4,12,51,2008,3,9,39
6448,12/17/08,2008,4,12,51,2008,3,9,39
6449,12/18/08,2008,4,12,51,2008,3,9,39
6450,12/19/08,2008,4,12,51,2008,3,9,39
6451,12/20/08,2008,4,12,51,2008,3,9,39
6452,12/21/08,2008,4,12,52,2008,3,9,40
6453,12/22/08,2008,4,12,52,2008,3,9,40
6454,12/23/08,2008,4,12,52,2008,3,9,40
6455,12/24/08,2008,4,12,52,2008,3,9,40
6456,12/25/08,2008,4,12,52,2008,3,9,40
6457,12/26/08,2008,4,12,52,2008,3,9,40
6458,12/27/08,2008,4,12,52,2008,3,9,40
6459,12/28/08,2008,4,12,1,2008,3,9,41
6460,12/29/08,2008,4,12,1,2008,3,9,41
6461,12/30/08,2008,4,12,1,2008,3,9,41
6462,12/31/08,2008,4,12,1,2008,3,9,41
6463,01/01/09,2009,1,1,1,2009,4,10,41
6464,01/02/09,2009,1,1,1,2009,4,10,41
6465,01/03/09,2009,1,1,1,2009,4,10,41
6466,01/04/09,2009,1,1,2,2009,4,10,42
6467,01/05/09,2009,1,1,2,2009,4,10,42
6468,01/06/09,2009,1,1,2,2009,4,10,42
6469,01/07/09,2009,1,1,2,2009,4,10,42
6470,01/08/09,2009,1,1,2,2009,4,10,42
6471,01/09/09,2009,1,1,2,2009,4,10,42
6472,01/10/09,2009,1,1,2,2009,4,10,42
6473,01/11/09,2009,1,1,3,2009,4,10,43
6474,01/12/09,2009,1,1,3,2009,4,10,43
6475,01/13/09,2009,1,1,3,2009,4,10,43
6476,01/14/09,2009,1,1,3,2009,4,10,43
6477,01/15/09,2009,1,1,3,2009,4,10,43
6478,01/16/09,2009,1,1,3,2009,4,10,43
6479,01/17/09,2009,1,1,3,2009,4,10,43
6480,01/18/09,2009,1,1,4,2009,4,10,44
6481,01/19/09,2009,1,1,4,2009,4,10,44
6482,01/20/09,2009,1,1,4,2009,4,10,44
6483,01/21/09,2009,1,1,4,2009,4,10,44
6484,01/22/09,2009,1,1,4,2009,4,10,44
6485,01/23/09,2009,1,1,4,2009,4,10,44
6486,01/24/09,2009,1,1,4,2009,4,10,44
6487,01/25/09,2009,1,1,5,2009,4,10,45
6488,01/26/09,2009,1,1,5,2009,4,10,45
6489,01/27/09,2009,1,1,5,2009,4,10,45
6490,01/28/09,2009,1,1,5,2009,4,10,45
6491,01/29/09,2009,1,1,5,2009,4,10,45
6492,01/30/09,2009,1,1,5,2009,4,10,45
6493,01/31/09,2009,1,1,5,2009,4,10,45
6494,02/01/09,2009,1,2,6,2009,4,11,46
6495,02/02/09,2009,1,2,6,2009,4,11,46
6496,02/03/09,2009,1,2,6,2009,4,11,46
6497,02/04/09,2009,1,2,6,2009,4,11,46
6498,02/05/09,2009,1,2,6,2009,4,11,46
6499,02/06/09,2009,1,2,6,2009,4,11,46
6500,02/07/09,2009,1,2,6,2009,4,11,46
6501,02/08/09,2009,1,2,7,2009,4,11,47
6502,02/09/09,2009,1,2,7,2009,4,11,47
6503,02/10/09,2009,1,2,7,2009,4,11,47
6504,02/11/09,2009,1,2,7,2009,4,11,47
6505,02/12/09,2009,1,2,7,2009,4,11,47
6506,02/13/09,2009,1,2,7,2009,4,11,47
6507,02/14/09,2009,1,2,7,2009,4,11,47
6508,02/15/09,2009,1,2,8,2009,4,11,48
6509,02/16/09,2009,1,2,8,2009,4,11,48
6510,02/17/09,2009,1,2,8,2009,4,11,48
6511,02/18/09,2009,1,2,8,2009,4,11,48
6512,02/19/09,2009,1,2,8,2009,4,11,48
6513,02/20/09,2009,1,2,8,2009,4,11,48
6514,02/21/09,2009,1,2,8,2009,4,11,48
6515,02/22/09,2009,1,2,9,2009,4,11,49
6516,02/23/09,2009,1,2,9,2009,4,11,49
6517,02/24/09,2009,1,2,9,2009,4,11,49
6518,02/25/09,2009,1,2,9,2009,4,11,49
6519,02/26/09,2009,1,2,9,2009,4,11,49
6520,02/27/09,2009,1,2,9,2009,4,11,49
6521,02/28/09,2009,1,2,9,2009,4,11,49
6522,03/01/09,2009,1,3,10,2009,4,12,50
6523,03/02/09,2009,1,3,10,2009,4,12,50
6524,03/03/09,2009,1,3,10,2009,4,12,50
6525,03/04/09,2009,1,3,10,2009,4,12,50
6526,03/05/09,2009,1,3,10,2009,4,12,50
6527,03/06/09,2009,1,3,10,2009,4,12,50
6528,03/07/09,2009,1,3,10,2009,4,12,50
6529,03/08/09,2009,1,3,11,2009,4,12,51
6530,03/09/09,2009,1,3,11,2009,4,12,51
6531,03/10/09,2009,1,3,11,2009,4,12,51
6532,03/11/09,2009,1,3,11,2009,4,12,51
6533,03/12/09,2009,1,3,11,2009,4,12,51
6534,03/13/09,2009,1,3,11,2009,4,12,51
6535,03/14/09,2009,1,3,11,2009,4,12,51
6536,03/15/09,2009,1,3,12,2009,4,12,52
6537,03/16/09,2009,1,3,12,2009,4,12,52
6538,03/17/09,2009,1,3,12,2009,4,12,52
6539,03/18/09,2009,1,3,12,2009,4,12,52
6540,03/19/09,2009,1,3,12,2009,4,12,52
6541,03/20/09,2009,1,3,12,2009,4,12,52
6542,03/21/09,2009,1,3,12,2009,4,12,52
6543,03/22/09,2009,1,3,13,2009,4,12,1
6544,03/23/09,2009,1,3,13,2009,4,12,1
6545,03/24/09,2009,1,3,13,2009,4,12,1
6546,03/25/09,2009,1,3,13,2009,4,12,1
6547,03/26/09,2009,1,3,13,2009,4,12,1
6548,03/27/09,2009,1,3,13,2009,4,12,1
6549,03/28/09,2009,1,3,13,2009,4,12,1
6550,03/29/09,2009,1,3,14,2009,4,12,2
6551,03/30/09,2009,1,3,14,2009,4,12,2
6552,03/31/09,2009,1,3,14,2009,4,12,2
6553,04/01/09,2009,2,4,14,2009,1,1,2
6554,04/02/09,2009,2,4,14,2009,1,1,2
6555,04/03/09,2009,2,4,14,2009,1,1,2
6556,04/04/09,2009,2,4,14,2009,1,1,2
6557,04/05/09,2009,2,4,15,2009,1,1,3
6558,04/06/09,2009,2,4,15,2009,1,1,3
6559,04/07/09,2009,2,4,15,2009,1,1,3
6560,04/08/09,2009,2,4,15,2009,1,1,3
6561,04/09/09,2009,2,4,15,2009,1,1,3
6562,04/10/09,2009,2,4,15,2009,1,1,3
6563,04/11/09,2009,2,4,15,2009,1,1,3
6564,04/12/09,2009,2,4,16,2009,1,1,4
6565,04/13/09,2009,2,4,16,2009,1,1,4
6566,04/14/09,2009,2,4,16,2009,1,1,4
6567,04/15/09,2009,2,4,16,2009,1,1,4
6568,04/16/09,2009,2,4,16,2009,1,1,4
6569,04/17/09,2009,2,4,16,2009,1,1,4
6570,04/18/09,2009,2,4,16,2009,1,1,4
6571,04/19/09,2009,2,4,17,2009,1,1,5
6572,04/20/09,2009,2,4,17,2009,1,1,5
6573,04/21/09,2009,2,4,17,2009,1,1,5
6574,04/22/09,2009,2,4,17,2009,1,1,5
6575,04/23/09,2009,2,4,17,2009,1,1,5
6576,04/24/09,2009,2,4,17,2009,1,1,5
6577,04/25/09,2009,2,4,17,2009,1,1,5
6578,04/26/09,2009,2,4,18,2009,1,1,6
6579,04/27/09,2009,2,4,18,2009,1,1,6
6580,04/28/09,2009,2,4,18,2009,1,1,6
6581,04/29/09,2009,2,4,18,2009,1,1,6
6582,04/30/09,2009,2,4,18,2009,1,1,6
6583,05/01/09,2009,2,5,18,2009,1,2,6
6584,05/02/09,2009,2,5,18,2009,1,2,6
6585,05/03/09,2009,2,5,19,2009,1,2,7
6586,05/04/09,2009,2,5,19,2009,1,2,7
6587,05/05/09,2009,2,5,19,2009,1,2,7
6588,05/06/09,2009,2,5,19,2009,1,2,7
6589,05/07/09,2009,2,5,19,2009,1,2,7
6590,05/08/09,2009,2,5,19,2009,1,2,7
6591,05/09/09,2009,2,5,19,2009,1,2,7
6592,05/10/09,2009,2,5,20,2009,1,2,8
6593,05/11/09,2009,2,5,20,2009,1,2,8
6594,05/12/09,2009,2,5,20,2009,1,2,8
6595,05/13/09,2009,2,5,20,2009,1,2,8
6596,05/14/09,2009,2,5,20,2009,1,2,8
6597,05/15/09,2009,2,5,20,2009,1,2,8
6598,05/16/09,2009,2,5,20,2009,1,2,8
6599,05/17/09,2009,2,5,21,2009,1,2,9
6600,05/18/09,2009,2,5,21,2009,1,2,9
6601,05/19/09,2009,2,5,21,2009,1,2,9
6602,05/20/09,2009,2,5,21,2009,1,2,9
6603,05/21/09,2009,2,5,21,2009,1,2,9
6604,05/22/09,2009,2,5,21,2009,1,2,9
6605,05/23/09,2009,2,5,21,2009,1,2,9
6606,05/24/09,2009,2,5,22,2009,1,2,10
6607,05/25/09,2009,2,5,22,2009,1,2,10
6608,05/26/09,2009,2,5,22,2009,1,2,10
6609,05/27/09,2009,2,5,22,2009,1,2,10
6610,05/28/09,2009,2,5,22,2009,1,2,10
6611,05/29/09,2009,2,5,22,2009,1,2,10
6612,05/30/09,2009,2,5,22,2009,1,2,10
6613,05/31/09,2009,2,5,23,2009,1,2,11
6614,06/01/09,2009,2,6,23,2009,1,3,11
6615,06/02/09,2009,2,6,23,2009,1,3,11
6616,06/03/09,2009,2,6,23,2009,1,3,11
6617,06/04/09,2009,2,6,23,2009,1,3,11
6618,06/05/09,2009,2,6,23,2009,1,3,11
6619,06/06/09,2009,2,6,23,2009,1,3,11
6620,06/07/09,2009,2,6,24,2009,1,3,12
6621,06/08/09,2009,2,6,24,2009,1,3,12
6622,06/09/09,2009,2,6,24,2009,1,3,12
6623,06/10/09,2009,2,6,24,2009,1,3,12
6624,06/11/09,2009,2,6,24,2009,1,3,12
6625,06/12/09,2009,2,6,24,2009,1,3,12
6626,06/13/09,2009,2,6,24,2009,1,3,12
6627,06/14/09,2009,2,6,25,2009,1,3,13
6628,06/15/09,2009,2,6,25,2009,1,3,13
6629,06/16/09,2009,2,6,25,2009,1,3,13
6630,06/17/09,2009,2,6,25,2009,1,3,13
6631,06/18/09,2009,2,6,25,2009,1,3,13
6632,06/19/09,2009,2,6,25,2009,1,3,13
6633,06/20/09,2009,2,6,25,2009,1,3,13
6634,06/21/09,2009,2,6,26,2009,1,3,14
6635,06/22/09,2009,2,6,26,2009,1,3,14
6636,06/23/09,2009,2,6,26,2009,1,3,14
6637,06/24/09,2009,2,6,26,2009,1,3,14
6638,06/25/09,2009,2,6,26,2009,1,3,14
6639,06/26/09,2009,2,6,26,2009,1,3,14
6640,06/27/09,2009,2,6,26,2009,1,3,14
6641,06/28/09,2009,2,6,27,2009,1,3,15
6642,06/29/09,2009,2,6,27,2009,1,3,15
6643,06/30/09,2009,2,6,27,2009,1,3,15
6644,07/01/09,2009,3,7,27,2009,2,4,15
6645,07/02/09,2009,3,7,27,2009,2,4,15
6646,07/03/09,2009,3,7,27,2009,2,4,15
6647,07/04/09,2009,3,7,27,2009,2,4,15
6648,07/05/09,2009,3,7,28,2009,2,4,16
6649,07/06/09,2009,3,7,28,2009,2,4,16
6650,07/07/09,2009,3,7,28,2009,2,4,16
6651,07/08/09,2009,3,7,28,2009,2,4,16
6652,07/09/09,2009,3,7,28,2009,2,4,16
6653,07/10/09,2009,3,7,28,2009,2,4,16
6654,07/11/09,2009,3,7,28,2009,2,4,16
6655,07/12/09,2009,3,7,29,2009,2,4,17
6656,07/13/09,2009,3,7,29,2009,2,4,17
6657,07/14/09,2009,3,7,29,2009,2,4,17
6658,07/15/09,2009,3,7,29,2009,2,4,17
6659,07/16/09,2009,3,7,29,2009,2,4,17
6660,07/17/09,2009,3,7,29,2009,2,4,17
6661,07/18/09,2009,3,7,29,2009,2,4,17
6662,07/19/09,2009,3,7,30,2009,2,4,18
6663,07/20/09,2009,3,7,30,2009,2,4,18
6664,07/21/09,2009,3,7,30,2009,2,4,18
6665,07/22/09,2009,3,7,30,2009,2,4,18
6666,07/23/09,2009,3,7,30,2009,2,4,18
6667,07/24/09,2009,3,7,30,2009,2,4,18
6668,07/25/09,2009,3,7,30,2009,2,4,18
6669,07/26/09,2009,3,7,31,2009,2,4,19
6670,07/27/09,2009,3,7,31,2009,2,4,19
6671,07/28/09,2009,3,7,31,2009,2,4,19
6672,07/29/09,2009,3,7,31,2009,2,4,19
6673,07/30/09,2009,3,7,31,2009,2,4,19
6674,07/31/09,2009,3,7,31,2009,2,4,19
6675,08/01/09,2009,3,8,31,2009,2,5,19
6676,08/02/09,2009,3,8,32,2009,2,5,20
6677,08/03/09,2009,3,8,32,2009,2,5,20
6678,08/04/09,2009,3,8,32,2009,2,5,20
6679,08/05/09,2009,3,8,32,2009,2,5,20
6680,08/06/09,2009,3,8,32,2009,2,5,20
6681,08/07/09,2009,3,8,32,2009,2,5,20
6682,08/08/09,2009,3,8,32,2009,2,5,20
6683,08/09/09,2009,3,8,33,2009,2,5,21
6684,08/10/09,2009,3,8,33,2009,2,5,21
6685,08/11/09,2009,3,8,33,2009,2,5,21
6686,08/12/09,2009,3,8,33,2009,2,5,21
6687,08/13/09,2009,3,8,33,2009,2,5,21
6688,08/14/09,2009,3,8,33,2009,2,5,21
6689,08/15/09,2009,3,8,33,2009,2,5,21
6690,08/16/09,2009,3,8,34,2009,2,5,22
6691,08/17/09,2009,3,8,34,2009,2,5,22
6692,08/18/09,2009,3,8,34,2009,2,5,22
6693,08/19/09,2009,3,8,34,2009,2,5,22
6694,08/20/09,2009,3,8,34,2009,2,5,22
6695,08/21/09,2009,3,8,34,2009,2,5,22
6696,08/22/09,2009,3,8,34,2009,2,5,22
6697,08/23/09,2009,3,8,35,2009,2,5,23
6698,08/24/09,2009,3,8,35,2009,2,5,23
6699,08/25/09,2009,3,8,35,2009,2,5,23
6700,08/26/09,2009,3,8,35,2009,2,5,23
6701,08/27/09,2009,3,8,35,2009,2,5,23
6702,08/28/09,2009,3,8,35,2009,2,5,23
6703,08/29/09,2009,3,8,35,2009,2,5,23
6704,08/30/09,2009,3,8,36,2009,2,5,24
6705,08/31/09,2009,3,8,36,2009,2,5,24
6706,09/01/09,2009,3,9,36,2009,2,6,24
6707,09/02/09,2009,3,9,36,2009,2,6,24
6708,09/03/09,2009,3,9,36,2009,2,6,24
6709,09/04/09,2009,3,9,36,2009,2,6,24
6710,09/05/09,2009,3,9,36,2009,2,6,24
6711,09/06/09,2009,3,9,37,2009,2,6,25
6712,09/07/09,2009,3,9,37,2009,2,6,25
6713,09/08/09,2009,3,9,37,2009,2,6,25
6714,09/09/09,2009,3,9,37,2009,2,6,25
6715,09/10/09,2009,3,9,37,2009,2,6,25
6716,09/11/09,2009,3,9,37,2009,2,6,25
6717,09/12/09,2009,3,9,37,2009,2,6,25
6718,09/13/09,2009,3,9,38,2009,2,6,26
6719,09/14/09,2009,3,9,38,2009,2,6,26
6720,09/15/09,2009,3,9,38,2009,2,6,26
6721,09/16/09,2009,3,9,38,2009,2,6,26
6722,09/17/09,2009,3,9,38,2009,2,6,26
6723,09/18/09,2009,3,9,38,2009,2,6,26
6724,09/19/09,2009,3,9,38,2009,2,6,26
6725,09/20/09,2009,3,9,39,2009,2,6,27
6726,09/21/09,2009,3,9,39,2009,2,6,27
6727,09/22/09,2009,3,9,39,2009,2,6,27
6728,09/23/09,2009,3,9,39,2009,2,6,27
6729,09/24/09,2009,3,9,39,2009,2,6,27
6730,09/25/09,2009,3,9,39,2009,2,6,27
6731,09/26/09,2009,3,9,39,2009,2,6,27
6732,09/27/09,2009,3,9,40,2009,2,6,28
6733,09/28/09,2009,3,9,40,2009,2,6,28
6734,09/29/09,2009,3,9,40,2009,2,6,28
6735,09/30/09,2009,3,9,40,2009,2,6,28
6736,10/01/09,2009,4,10,40,2009,3,7,28
6737,10/02/09,2009,4,10,40,2009,3,7,28
6738,10/03/09,2009,4,10,40,2009,3,7,28
6739,10/04/09,2009,4,10,41,2009,3,7,29
6740,10/05/09,2009,4,10,41,2009,3,7,29
6741,10/06/09,2009,4,10,41,2009,3,7,29
6742,10/07/09,2009,4,10,41,2009,3,7,29
6743,10/08/09,2009,4,10,41,2009,3,7,29
6744,10/09/09,2009,4,10,41,2009,3,7,29
6745,10/10/09,2009,4,10,41,2009,3,7,29
6746,10/11/09,2009,4,10,42,2009,3,7,30
6747,10/12/09,2009,4,10,42,2009,3,7,30
6748,10/13/09,2009,4,10,42,2009,3,7,30
6749,10/14/09,2009,4,10,42,2009,3,7,30
6750,10/15/09,2009,4,10,42,2009,3,7,30
6751,10/16/09,2009,4,10,42,2009,3,7,30
6752,10/17/09,2009,4,10,42,2009,3,7,30
6753,10/18/09,2009,4,10,43,2009,3,7,31
6754,10/19/09,2009,4,10,43,2009,3,7,31
6755,10/20/09,2009,4,10,43,2009,3,7,31
6756,10/21/09,2009,4,10,43,2009,3,7,31
6757,10/22/09,2009,4,10,43,2009,3,7,31
6758,10/23/09,2009,4,10,43,2009,3,7,31
6759,10/24/09,2009,4,10,43,2009,3,7,31
6760,10/25/09,2009,4,10,44,2009,3,7,32
6761,10/26/09,2009,4,10,44,2009,3,7,32
6762,10/27/09,2009,4,10,44,2009,3,7,32
6763,10/28/09,2009,4,10,44,2009,3,7,32
6764,10/29/09,2009,4,10,44,2009,3,7,32
6765,10/30/09,2009,4,10,44,2009,3,7,32
6766,10/31/09,2009,4,10,44,2009,3,7,32
6767,11/01/09,2009,4,11,45,2009,3,8,33
6768,11/02/09,2009,4,11,45,2009,3,8,33
6769,11/03/09,2009,4,11,45,2009,3,8,33
6770,11/04/09,2009,4,11,45,2009,3,8,33
6771,11/05/09,2009,4,11,45,2009,3,8,33
6772,11/06/09,2009,4,11,45,2009,3,8,33
6773,11/07/09,2009,4,11,45,2009,3,8,33
6774,11/08/09,2009,4,11,46,2009,3,8,34
6775,11/09/09,2009,4,11,46,2009,3,8,34
6776,11/10/09,2009,4,11,46,2009,3,8,34
6777,11/11/09,2009,4,11,46,2009,3,8,34
6778,11/12/09,2009,4,11,46,2009,3,8,34
6779,11/13/09,2009,4,11,46,2009,3,8,34
6780,11/14/09,2009,4,11,46,2009,3,8,34
6781,11/15/09,2009,4,11,47,2009,3,8,35
6782,11/16/09,2009,4,11,47,2009,3,8,35
6783,11/17/09,2009,4,11,47,2009,3,8,35
6784,11/18/09,2009,4,11,47,2009,3,8,35
6785,11/19/09,2009,4,11,47,2009,3,8,35
6786,11/20/09,2009,4,11,47,2009,3,8,35
6787,11/21/09,2009,4,11,47,2009,3,8,35
6788,11/22/09,2009,4,11,48,2009,3,8,36
6789,11/23/09,2009,4,11,48,2009,3,8,36
6790,11/24/09,2009,4,11,48,2009,3,8,36
6791,11/25/09,2009,4,11,48,2009,3,8,36
6792,11/26/09,2009,4,11,48,2009,3,8,36
6793,11/27/09,2009,4,11,48,2009,3,8,36
6794,11/28/09,2009,4,11,48,2009,3,8,36
6795,11/29/09,2009,4,11,49,2009,3,8,37
6796,11/30/09,2009,4,11,49,2009,3,8,37
6797,12/01/09,2009,4,12,49,2009,3,9,37
6798,12/02/09,2009,4,12,49,2009,3,9,37
6799,12/03/09,2009,4,12,49,2009,3,9,37
6800,12/04/09,2009,4,12,49,2009,3,9,37
6801,12/05/09,2009,4,12,49,2009,3,9,37
6802,12/06/09,2009,4,12,50,2009,3,9,38
6803,12/07/09,2009,4,12,50,2009,3,9,38
6804,12/08/09,2009,4,12,50,2009,3,9,38
6805,12/09/09,2009,4,12,50,2009,3,9,38
6806,12/10/09,2009,4,12,50,2009,3,9,38
6807,12/11/09,2009,4,12,50,2009,3,9,38
6808,12/12/09,2009,4,12,50,2009,3,9,38
6809,12/13/09,2009,4,12,51,2009,3,9,39
6810,12/14/09,2009,4,12,51,2009,3,9,39
6811,12/15/09,2009,4,12,51,2009,3,9,39
6812,12/16/09,2009,4,12,51,2009,3,9,39
6813,12/17/09,2009,4,12,51,2009,3,9,39
6814,12/18/09,2009,4,12,51,2009,3,9,39
6815,12/19/09,2009,4,12,51,2009,3,9,39
6816,12/20/09,2009,4,12,52,2009,3,9,40
6817,12/21/09,2009,4,12,52,2009,3,9,40
6818,12/22/09,2009,4,12,52,2009,3,9,40
6819,12/23/09,2009,4,12,52,2009,3,9,40
6820,12/24/09,2009,4,12,52,2009,3,9,40
6821,12/25/09,2009,4,12,52,2009,3,9,40
6822,12/26/09,2009,4,12,52,2009,3,9,40
6823,12/27/09,2009,4,12,1,2009,3,9,41
6824,12/28/09,2009,4,12,1,2009,3,9,41
6825,12/29/09,2009,4,12,1,2009,3,9,41
6826,12/30/09,2009,4,12,1,2009,3,9,41
6827,12/31/09,2009,4,12,1,2009,3,9,41
6828,01/01/10,2010,1,1,1,2010,4,10,41
6829,01/02/10,2010,1,1,1,2010,4,10,41
6830,01/03/10,2010,1,1,2,2010,4,10,42
6831,01/04/10,2010,1,1,2,2010,4,10,42
6832,01/05/10,2010,1,1,2,2010,4,10,42
6833,01/06/10,2010,1,1,2,2010,4,10,42
6834,01/07/10,2010,1,1,2,2010,4,10,42
6835,01/08/10,2010,1,1,2,2010,4,10,42
6836,01/09/10,2010,1,1,2,2010,4,10,42
6837,01/10/10,2010,1,1,3,2010,4,10,43
6838,01/11/10,2010,1,1,3,2010,4,10,43
6839,01/12/10,2010,1,1,3,2010,4,10,43
6840,01/13/10,2010,1,1,3,2010,4,10,43
6841,01/14/10,2010,1,1,3,2010,4,10,43
6842,01/15/10,2010,1,1,3,2010,4,10,43
6843,01/16/10,2010,1,1,3,2010,4,10,43
6844,01/17/10,2010,1,1,4,2010,4,10,44
6845,01/18/10,2010,1,1,4,2010,4,10,44
6846,01/19/10,2010,1,1,4,2010,4,10,44
6847,01/20/10,2010,1,1,4,2010,4,10,44
6848,01/21/10,2010,1,1,4,2010,4,10,44
6849,01/22/10,2010,1,1,4,2010,4,10,44
6850,01/23/10,2010,1,1,4,2010,4,10,44
6851,01/24/10,2010,1,1,5,2010,4,10,45
6852,01/25/10,2010,1,1,5,2010,4,10,45
6853,01/26/10,2010,1,1,5,2010,4,10,45
6854,01/27/10,2010,1,1,5,2010,4,10,45
6855,01/28/10,2010,1,1,5,2010,4,10,45
6856,01/29/10,2010,1,1,5,2010,4,10,45
6857,01/30/10,2010,1,1,5,2010,4,10,45
6858,01/31/10,2010,1,1,6,2010,4,10,46
6859,02/01/10,2010,1,2,6,2010,4,11,46
6860,02/02/10,2010,1,2,6,2010,4,11,46
6861,02/03/10,2010,1,2,6,2010,4,11,46
6862,02/04/10,2010,1,2,6,2010,4,11,46
6863,02/05/10,2010,1,2,6,2010,4,11,46
6864,02/06/10,2010,1,2,6,2010,4,11,46
6865,02/07/10,2010,1,2,7,2010,4,11,47
6866,02/08/10,2010,1,2,7,2010,4,11,47
6867,02/09/10,2010,1,2,7,2010,4,11,47
6868,02/10/10,2010,1,2,7,2010,4,11,47
6869,02/11/10,2010,1,2,7,2010,4,11,47
6870,02/12/10,2010,1,2,7,2010,4,11,47
6871,02/13/10,2010,1,2,7,2010,4,11,47
6872,02/14/10,2010,1,2,8,2010,4,11,48
6873,02/15/10,2010,1,2,8,2010,4,11,48
6874,02/16/10,2010,1,2,8,2010,4,11,48
6875,02/17/10,2010,1,2,8,2010,4,11,48
6876,02/18/10,2010,1,2,8,2010,4,11,48
6877,02/19/10,2010,1,2,8,2010,4,11,48
6878,02/20/10,2010,1,2,8,2010,4,11,48
6879,02/21/10,2010,1,2,9,2010,4,11,49
6880,02/22/10,2010,1,2,9,2010,4,11,49
6881,02/23/10,2010,1,2,9,2010,4,11,49
6882,02/24/10,2010,1,2,9,2010,4,11,49
6883,02/25/10,2010,1,2,9,2010,4,11,49
6884,02/26/10,2010,1,2,9,2010,4,11,49
6885,02/27/10,2010,1,2,9,2010,4,11,49
6886,02/28/10,2010,1,2,10,2010,4,11,50
6887,03/01/10,2010,1,3,10,2010,4,12,50
6888,03/02/10,2010,1,3,10,2010,4,12,50
6889,03/03/10,2010,1,3,10,2010,4,12,50
6890,03/04/10,2010,1,3,10,2010,4,12,50
6891,03/05/10,2010,1,3,10,2010,4,12,50
6892,03/06/10,2010,1,3,10,2010,4,12,50
6893,03/07/10,2010,1,3,11,2010,4,12,51
6894,03/08/10,2010,1,3,11,2010,4,12,51
6895,03/09/10,2010,1,3,11,2010,4,12,51
6896,03/10/10,2010,1,3,11,2010,4,12,51
6897,03/11/10,2010,1,3,11,2010,4,12,51
6898,03/12/10,2010,1,3,11,2010,4,12,51
6899,03/13/10,2010,1,3,11,2010,4,12,51
6900,03/14/10,2010,1,3,12,2010,4,12,52
6901,03/15/10,2010,1,3,12,2010,4,12,52
6902,03/16/10,2010,1,3,12,2010,4,12,52
6903,03/17/10,2010,1,3,12,2010,4,12,52
6904,03/18/10,2010,1,3,12,2010,4,12,52
6905,03/19/10,2010,1,3,12,2010,4,12,52
6906,03/20/10,2010,1,3,12,2010,4,12,52
6907,03/21/10,2010,1,3,13,2010,4,12,1
6908,03/22/10,2010,1,3,13,2010,4,12,1
6909,03/23/10,2010,1,3,13,2010,4,12,1
6910,03/24/10,2010,1,3,13,2010,4,12,1
6911,03/25/10,2010,1,3,13,2010,4,12,1
6912,03/26/10,2010,1,3,13,2010,4,12,1
6913,03/27/10,2010,1,3,13,2010,4,12,1
6914,03/28/10,2010,1,3,14,2010,4,12,2
6915,03/29/10,2010,1,3,14,2010,4,12,2
6916,03/30/10,2010,1,3,14,2010,4,12,2
6917,03/31/10,2010,1,3,14,2010,4,12,2
6918,04/01/10,2010,2,4,14,2010,1,1,2
6919,04/02/10,2010,2,4,14,2010,1,1,2
6920,04/03/10,2010,2,4,14,2010,1,1,2
6921,04/04/10,2010,2,4,15,2010,1,1,3
6922,04/05/10,2010,2,4,15,2010,1,1,3
6923,04/06/10,2010,2,4,15,2010,1,1,3
6924,04/07/10,2010,2,4,15,2010,1,1,3
6925,04/08/10,2010,2,4,15,2010,1,1,3
6926,04/09/10,2010,2,4,15,2010,1,1,3
6927,04/10/10,2010,2,4,15,2010,1,1,3
6928,04/11/10,2010,2,4,16,2010,1,1,4
6929,04/12/10,2010,2,4,16,2010,1,1,4
6930,04/13/10,2010,2,4,16,2010,1,1,4
6931,04/14/10,2010,2,4,16,2010,1,1,4
6932,04/15/10,2010,2,4,16,2010,1,1,4
6933,04/16/10,2010,2,4,16,2010,1,1,4
6934,04/17/10,2010,2,4,16,2010,1,1,4
6935,04/18/10,2010,2,4,17,2010,1,1,5
6936,04/19/10,2010,2,4,17,2010,1,1,5
6937,04/20/10,2010,2,4,17,2010,1,1,5
6938,04/21/10,2010,2,4,17,2010,1,1,5
6939,04/22/10,2010,2,4,17,2010,1,1,5
6940,04/23/10,2010,2,4,17,2010,1,1,5
6941,04/24/10,2010,2,4,17,2010,1,1,5
6942,04/25/10,2010,2,4,18,2010,1,1,6
6943,04/26/10,2010,2,4,18,2010,1,1,6
6944,04/27/10,2010,2,4,18,2010,1,1,6
6945,04/28/10,2010,2,4,18,2010,1,1,6
6946,04/29/10,2010,2,4,18,2010,1,1,6
6947,04/30/10,2010,2,4,18,2010,1,1,6
6948,05/01/10,2010,2,5,18,2010,1,2,6
6949,05/02/10,2010,2,5,19,2010,1,2,7
6950,05/03/10,2010,2,5,19,2010,1,2,7
6951,05/04/10,2010,2,5,19,2010,1,2,7
6952,05/05/10,2010,2,5,19,2010,1,2,7
6953,05/06/10,2010,2,5,19,2010,1,2,7
6954,05/07/10,2010,2,5,19,2010,1,2,7
6955,05/08/10,2010,2,5,19,2010,1,2,7
6956,05/09/10,2010,2,5,20,2010,1,2,8
6957,05/10/10,2010,2,5,20,2010,1,2,8
6958,05/11/10,2010,2,5,20,2010,1,2,8
6959,05/12/10,2010,2,5,20,2010,1,2,8
6960,05/13/10,2010,2,5,20,2010,1,2,8
6961,05/14/10,2010,2,5,20,2010,1,2,8
6962,05/15/10,2010,2,5,20,2010,1,2,8
6963,05/16/10,2010,2,5,21,2010,1,2,9
6964,05/17/10,2010,2,5,21,2010,1,2,9
6965,05/18/10,2010,2,5,21,2010,1,2,9
6966,05/19/10,2010,2,5,21,2010,1,2,9
6967,05/20/10,2010,2,5,21,2010,1,2,9
6968,05/21/10,2010,2,5,21,2010,1,2,9
6969,05/22/10,2010,2,5,21,2010,1,2,9
6970,05/23/10,2010,2,5,22,2010,1,2,10
6971,05/24/10,2010,2,5,22,2010,1,2,10
6972,05/25/10,2010,2,5,22,2010,1,2,10
6973,05/26/10,2010,2,5,22,2010,1,2,10
6974,05/27/10,2010,2,5,22,2010,1,2,10
6975,05/28/10,2010,2,5,22,2010,1,2,10
6976,05/29/10,2010,2,5,22,2010,1,2,10
6977,05/30/10,2010,2,5,23,2010,1,2,11
6978,05/31/10,2010,2,5,23,2010,1,2,11
6979,06/01/10,2010,2,6,23,2010,1,3,11
6980,06/02/10,2010,2,6,23,2010,1,3,11
6981,06/03/10,2010,2,6,23,2010,1,3,11
6982,06/04/10,2010,2,6,23,2010,1,3,11
6983,06/05/10,2010,2,6,23,2010,1,3,11
6984,06/06/10,2010,2,6,24,2010,1,3,12
6985,06/07/10,2010,2,6,24,2010,1,3,12
6986,06/08/10,2010,2,6,24,2010,1,3,12
6987,06/09/10,2010,2,6,24,2010,1,3,12
6988,06/10/10,2010,2,6,24,2010,1,3,12
6989,06/11/10,2010,2,6,24,2010,1,3,12
6990,06/12/10,2010,2,6,24,2010,1,3,12
6991,06/13/10,2010,2,6,25,2010,1,3,13
6992,06/14/10,2010,2,6,25,2010,1,3,13
6993,06/15/10,2010,2,6,25,2010,1,3,13
6994,06/16/10,2010,2,6,25,2010,1,3,13
6995,06/17/10,2010,2,6,25,2010,1,3,13
6996,06/18/10,2010,2,6,25,2010,1,3,13
6997,06/19/10,2010,2,6,25,2010,1,3,13
6998,06/20/10,2010,2,6,26,2010,1,3,14
6999,06/21/10,2010,2,6,26,2010,1,3,14
7000,06/22/10,2010,2,6,26,2010,1,3,14
7001,06/23/10,2010,2,6,26,2010,1,3,14
7002,06/24/10,2010,2,6,26,2010,1,3,14
7003,06/25/10,2010,2,6,26,2010,1,3,14
7004,06/26/10,2010,2,6,26,2010,1,3,14
7005,06/27/10,2010,2,6,27,2010,1,3,15
7006,06/28/10,2010,2,6,27,2010,1,3,15
7007,06/29/10,2010,2,6,27,2010,1,3,15
7008,06/30/10,2010,2,6,27,2010,1,3,15
7009,07/01/10,2010,3,7,27,2010,2,4,15
7010,07/02/10,2010,3,7,27,2010,2,4,15
7011,07/03/10,2010,3,7,27,2010,2,4,15
7012,07/04/10,2010,3,7,28,2010,2,4,16
7013,07/05/10,2010,3,7,28,2010,2,4,16
7014,07/06/10,2010,3,7,28,2010,2,4,16
7015,07/07/10,2010,3,7,28,2010,2,4,16
7016,07/08/10,2010,3,7,28,2010,2,4,16
7017,07/09/10,2010,3,7,28,2010,2,4,16
7018,07/10/10,2010,3,7,28,2010,2,4,16
7019,07/11/10,2010,3,7,29,2010,2,4,17
7020,07/12/10,2010,3,7,29,2010,2,4,17
7021,07/13/10,2010,3,7,29,2010,2,4,17
7022,07/14/10,2010,3,7,29,2010,2,4,17
7023,07/15/10,2010,3,7,29,2010,2,4,17
7024,07/16/10,2010,3,7,29,2010,2,4,17
7025,07/17/10,2010,3,7,29,2010,2,4,17
7026,07/18/10,2010,3,7,30,2010,2,4,18
7027,07/19/10,2010,3,7,30,2010,2,4,18
7028,07/20/10,2010,3,7,30,2010,2,4,18
7029,07/21/10,2010,3,7,30,2010,2,4,18
7030,07/22/10,2010,3,7,30,2010,2,4,18
7031,07/23/10,2010,3,7,30,2010,2,4,18
7032,07/24/10,2010,3,7,30,2010,2,4,18
7033,07/25/10,2010,3,7,31,2010,2,4,19
7034,07/26/10,2010,3,7,31,2010,2,4,19
7035,07/27/10,2010,3,7,31,2010,2,4,19
7036,07/28/10,2010,3,7,31,2010,2,4,19
7037,07/29/10,2010,3,7,31,2010,2,4,19
7038,07/30/10,2010,3,7,31,2010,2,4,19
7039,07/31/10,2010,3,7,31,2010,2,4,19
7040,08/01/10,2010,3,8,32,2010,2,5,20
7041,08/02/10,2010,3,8,32,2010,2,5,20
7042,08/03/10,2010,3,8,32,2010,2,5,20
7043,08/04/10,2010,3,8,32,2010,2,5,20
7044,08/05/10,2010,3,8,32,2010,2,5,20
7045,08/06/10,2010,3,8,32,2010,2,5,20
7046,08/07/10,2010,3,8,32,2010,2,5,20
7047,08/08/10,2010,3,8,33,2010,2,5,21
7048,08/09/10,2010,3,8,33,2010,2,5,21
7049,08/10/10,2010,3,8,33,2010,2,5,21
7050,08/11/10,2010,3,8,33,2010,2,5,21
7051,08/12/10,2010,3,8,33,2010,2,5,21
7052,08/13/10,2010,3,8,33,2010,2,5,21
7053,08/14/10,2010,3,8,33,2010,2,5,21
7054,08/15/10,2010,3,8,34,2010,2,5,22
7055,08/16/10,2010,3,8,34,2010,2,5,22
7056,08/17/10,2010,3,8,34,2010,2,5,22
7057,08/18/10,2010,3,8,34,2010,2,5,22
7058,08/19/10,2010,3,8,34,2010,2,5,22
7059,08/20/10,2010,3,8,34,2010,2,5,22
7060,08/21/10,2010,3,8,34,2010,2,5,22
7061,08/22/10,2010,3,8,35,2010,2,5,23
7062,08/23/10,2010,3,8,35,2010,2,5,23
7063,08/24/10,2010,3,8,35,2010,2,5,23
7064,08/25/10,2010,3,8,35,2010,2,5,23
7065,08/26/10,2010,3,8,35,2010,2,5,23
7066,08/27/10,2010,3,8,35,2010,2,5,23
7067,08/28/10,2010,3,8,35,2010,2,5,23
7068,08/29/10,2010,3,8,36,2010,2,5,24
7069,08/30/10,2010,3,8,36,2010,2,5,24
7070,08/31/10,2010,3,8,36,2010,2,5,24
7071,09/01/10,2010,3,9,36,2010,2,6,24
7072,09/02/10,2010,3,9,36,2010,2,6,24
7073,09/03/10,2010,3,9,36,2010,2,6,24
7074,09/04/10,2010,3,9,36,2010,2,6,24
7075,09/05/10,2010,3,9,37,2010,2,6,25
7076,09/06/10,2010,3,9,37,2010,2,6,25
7077,09/07/10,2010,3,9,37,2010,2,6,25
7078,09/08/10,2010,3,9,37,2010,2,6,25
7079,09/09/10,2010,3,9,37,2010,2,6,25
7080,09/10/10,2010,3,9,37,2010,2,6,25
7081,09/11/10,2010,3,9,37,2010,2,6,25
7082,09/12/10,2010,3,9,38,2010,2,6,26
7083,09/13/10,2010,3,9,38,2010,2,6,26
7084,09/14/10,2010,3,9,38,2010,2,6,26
7085,09/15/10,2010,3,9,38,2010,2,6,26
7086,09/16/10,2010,3,9,38,2010,2,6,26
7087,09/17/10,2010,3,9,38,2010,2,6,26
7088,09/18/10,2010,3,9,38,2010,2,6,26
7089,09/19/10,2010,3,9,39,2010,2,6,27
7090,09/20/10,2010,3,9,39,2010,2,6,27
7091,09/21/10,2010,3,9,39,2010,2,6,27
7092,09/22/10,2010,3,9,39,2010,2,6,27
7093,09/23/10,2010,3,9,39,2010,2,6,27
7094,09/24/10,2010,3,9,39,2010,2,6,27
7095,09/25/10,2010,3,9,39,2010,2,6,27
7096,09/26/10,2010,3,9,40,2010,2,6,28
7097,09/27/10,2010,3,9,40,2010,2,6,28
7098,09/28/10,2010,3,9,40,2010,2,6,28
7099,09/29/10,2010,3,9,40,2010,2,6,28
7100,09/30/10,2010,3,9,40,2010,2,6,28
7101,10/01/10,2010,4,10,40,2010,3,7,28
7102,10/02/10,2010,4,10,40,2010,3,7,28
7103,10/03/10,2010,4,10,41,2010,3,7,29
7104,10/04/10,2010,4,10,41,2010,3,7,29
7105,10/05/10,2010,4,10,41,2010,3,7,29
7106,10/06/10,2010,4,10,41,2010,3,7,29
7107,10/07/10,2010,4,10,41,2010,3,7,29
7108,10/08/10,2010,4,10,41,2010,3,7,29
7109,10/09/10,2010,4,10,41,2010,3,7,29
7110,10/10/10,2010,4,10,42,2010,3,7,30
7111,10/11/10,2010,4,10,42,2010,3,7,30
7112,10/12/10,2010,4,10,42,2010,3,7,30
7113,10/13/10,2010,4,10,42,2010,3,7,30
7114,10/14/10,2010,4,10,42,2010,3,7,30
7115,10/15/10,2010,4,10,42,2010,3,7,30
7116,10/16/10,2010,4,10,42,2010,3,7,30
7117,10/17/10,2010,4,10,43,2010,3,7,31
7118,10/18/10,2010,4,10,43,2010,3,7,31
7119,10/19/10,2010,4,10,43,2010,3,7,31
7120,10/20/10,2010,4,10,43,2010,3,7,31
7121,10/21/10,2010,4,10,43,2010,3,7,31
7122,10/22/10,2010,4,10,43,2010,3,7,31
7123,10/23/10,2010,4,10,43,2010,3,7,31
7124,10/24/10,2010,4,10,44,2010,3,7,32
7125,10/25/10,2010,4,10,44,2010,3,7,32
7126,10/26/10,2010,4,10,44,2010,3,7,32
7127,10/27/10,2010,4,10,44,2010,3,7,32
7128,10/28/10,2010,4,10,44,2010,3,7,32
7129,10/29/10,2010,4,10,44,2010,3,7,32
7130,10/30/10,2010,4,10,44,2010,3,7,32
7131,10/31/10,2010,4,10,45,2010,3,7,33
7132,11/01/10,2010,4,11,45,2010,3,8,33
7133,11/02/10,2010,4,11,45,2010,3,8,33
7134,11/03/10,2010,4,11,45,2010,3,8,33
7135,11/04/10,2010,4,11,45,2010,3,8,33
7136,11/05/10,2010,4,11,45,2010,3,8,33
7137,11/06/10,2010,4,11,45,2010,3,8,33
7138,11/07/10,2010,4,11,46,2010,3,8,34
7139,11/08/10,2010,4,11,46,2010,3,8,34
7140,11/09/10,2010,4,11,46,2010,3,8,34
7141,11/10/10,2010,4,11,46,2010,3,8,34
7142,11/11/10,2010,4,11,46,2010,3,8,34
7143,11/12/10,2010,4,11,46,2010,3,8,34
7144,11/13/10,2010,4,11,46,2010,3,8,34
7145,11/14/10,2010,4,11,47,2010,3,8,35
7146,11/15/10,2010,4,11,47,2010,3,8,35
7147,11/16/10,2010,4,11,47,2010,3,8,35
7148,11/17/10,2010,4,11,47,2010,3,8,35
7149,11/18/10,2010,4,11,47,2010,3,8,35
7150,11/19/10,2010,4,11,47,2010,3,8,35
7151,11/20/10,2010,4,11,47,2010,3,8,35
7152,11/21/10,2010,4,11,48,2010,3,8,36
7153,11/22/10,2010,4,11,48,2010,3,8,36
7154,11/23/10,2010,4,11,48,2010,3,8,36
7155,11/24/10,2010,4,11,48,2010,3,8,36
7156,11/25/10,2010,4,11,48,2010,3,8,36
7157,11/26/10,2010,4,11,48,2010,3,8,36
7158,11/27/10,2010,4,11,48,2010,3,8,36
7159,11/28/10,2010,4,11,49,2010,3,8,37
7160,11/29/10,2010,4,11,49,2010,3,8,37
7161,11/30/10,2010,4,11,49,2010,3,8,37
7162,12/01/10,2010,4,12,49,2010,3,9,37
7163,12/02/10,2010,4,12,49,2010,3,9,37
7164,12/03/10,2010,4,12,49,2010,3,9,37
7165,12/04/10,2010,4,12,49,2010,3,9,37
7166,12/05/10,2010,4,12,50,2010,3,9,38
7167,12/06/10,2010,4,12,50,2010,3,9,38
7168,12/07/10,2010,4,12,50,2010,3,9,38
7169,12/08/10,2010,4,12,50,2010,3,9,38
7170,12/09/10,2010,4,12,50,2010,3,9,38
7171,12/10/10,2010,4,12,50,2010,3,9,38
7172,12/11/10,2010,4,12,50,2010,3,9,38
7173,12/12/10,2010,4,12,51,2010,3,9,39
7174,12/13/10,2010,4,12,51,2010,3,9,39
7175,12/14/10,2010,4,12,51,2010,3,9,39
7176,12/15/10,2010,4,12,51,2010,3,9,39
7177,12/16/10,2010,4,12,51,2010,3,9,39
7178,12/17/10,2010,4,12,51,2010,3,9,39
7179,12/18/10,2010,4,12,51,2010,3,9,39
7180,12/19/10,2010,4,12,52,2010,3,9,40
7181,12/20/10,2010,4,12,52,2010,3,9,40
7182,12/21/10,2010,4,12,52,2010,3,9,40
7183,12/22/10,2010,4,12,52,2010,3,9,40
7184,12/23/10,2010,4,12,52,2010,3,9,40
7185,12/24/10,2010,4,12,52,2010,3,9,40
7186,12/25/10,2010,4,12,52,2010,3,9,40
7187,12/26/10,2010,4,12,1,2010,3,9,41
7188,12/27/10,2010,4,12,1,2010,3,9,41
7189,12/28/10,2010,4,12,1,2010,3,9,41
7190,12/29/10,2010,4,12,1,2010,3,9,41
7191,12/30/10,2010,4,12,1,2010,3,9,41
7192,12/31/10,2010,4,12,1,2010,3,9,41
7193,01/01/11,2011,1,1,1,2011,4,10,41
7194,01/02/11,2011,1,1,2,2011,4,10,42
7195,01/03/11,2011,1,1,2,2011,4,10,42
7196,01/04/11,2011,1,1,2,2011,4,10,42
7197,01/05/11,2011,1,1,2,2011,4,10,42
7198,01/06/11,2011,1,1,2,2011,4,10,42
7199,01/07/11,2011,1,1,2,2011,4,10,42
7200,01/08/11,2011,1,1,2,2011,4,10,42
7201,01/09/11,2011,1,1,3,2011,4,10,43
7202,01/10/11,2011,1,1,3,2011,4,10,43
7203,01/11/11,2011,1,1,3,2011,4,10,43
7204,01/12/11,2011,1,1,3,2011,4,10,43
7205,01/13/11,2011,1,1,3,2011,4,10,43
7206,01/14/11,2011,1,1,3,2011,4,10,43
7207,01/15/11,2011,1,1,3,2011,4,10,43
7208,01/16/11,2011,1,1,4,2011,4,10,44
7209,01/17/11,2011,1,1,4,2011,4,10,44
7210,01/18/11,2011,1,1,4,2011,4,10,44
7211,01/19/11,2011,1,1,4,2011,4,10,44
7212,01/20/11,2011,1,1,4,2011,4,10,44
7213,01/21/11,2011,1,1,4,2011,4,10,44
7214,01/22/11,2011,1,1,4,2011,4,10,44
7215,01/23/11,2011,1,1,5,2011,4,10,45
7216,01/24/11,2011,1,1,5,2011,4,10,45
7217,01/25/11,2011,1,1,5,2011,4,10,45
7218,01/26/11,2011,1,1,5,2011,4,10,45
7219,01/27/11,2011,1,1,5,2011,4,10,45
7220,01/28/11,2011,1,1,5,2011,4,10,45
7221,01/29/11,2011,1,1,5,2011,4,10,45
7222,01/30/11,2011,1,1,6,2011,4,10,46
7223,01/31/11,2011,1,1,6,2011,4,10,46
7224,02/01/11,2011,1,2,6,2011,4,11,46
7225,02/02/11,2011,1,2,6,2011,4,11,46
7226,02/03/11,2011,1,2,6,2011,4,11,46
7227,02/04/11,2011,1,2,6,2011,4,11,46
7228,02/05/11,2011,1,2,6,2011,4,11,46
7229,02/06/11,2011,1,2,7,2011,4,11,47
7230,02/07/11,2011,1,2,7,2011,4,11,47
7231,02/08/11,2011,1,2,7,2011,4,11,47
7232,02/09/11,2011,1,2,7,2011,4,11,47
7233,02/10/11,2011,1,2,7,2011,4,11,47
7234,02/11/11,2011,1,2,7,2011,4,11,47
7235,02/12/11,2011,1,2,7,2011,4,11,47
7236,02/13/11,2011,1,2,8,2011,4,11,48
7237,02/14/11,2011,1,2,8,2011,4,11,48
7238,02/15/11,2011,1,2,8,2011,4,11,48
7239,02/16/11,2011,1,2,8,2011,4,11,48
7240,02/17/11,2011,1,2,8,2011,4,11,48
7241,02/18/11,2011,1,2,8,2011,4,11,48
7242,02/19/11,2011,1,2,8,2011,4,11,48
7243,02/20/11,2011,1,2,9,2011,4,11,49
7244,02/21/11,2011,1,2,9,2011,4,11,49
7245,02/22/11,2011,1,2,9,2011,4,11,49
7246,02/23/11,2011,1,2,9,2011,4,11,49
7247,02/24/11,2011,1,2,9,2011,4,11,49
7248,02/25/11,2011,1,2,9,2011,4,11,49
7249,02/26/11,2011,1,2,9,2011,4,11,49
7250,02/27/11,2011,1,2,10,2011,4,11,50
7251,02/28/11,2011,1,2,10,2011,4,11,50
7252,03/01/11,2011,1,3,10,2011,4,12,50
7253,03/02/11,2011,1,3,10,2011,4,12,50
7254,03/03/11,2011,1,3,10,2011,4,12,50
7255,03/04/11,2011,1,3,10,2011,4,12,50
7256,03/05/11,2011,1,3,10,2011,4,12,50
7257,03/06/11,2011,1,3,11,2011,4,12,51
7258,03/07/11,2011,1,3,11,2011,4,12,51
7259,03/08/11,2011,1,3,11,2011,4,12,51
7260,03/09/11,2011,1,3,11,2011,4,12,51
7261,03/10/11,2011,1,3,11,2011,4,12,51
7262,03/11/11,2011,1,3,11,2011,4,12,51
7263,03/12/11,2011,1,3,11,2011,4,12,51
7264,03/13/11,2011,1,3,12,2011,4,12,52
7265,03/14/11,2011,1,3,12,2011,4,12,52
7266,03/15/11,2011,1,3,12,2011,4,12,52
7267,03/16/11,2011,1,3,12,2011,4,12,52
7268,03/17/11,2011,1,3,12,2011,4,12,52
7269,03/18/11,2011,1,3,12,2011,4,12,52
7270,03/19/11,2011,1,3,12,2011,4,12,52
7271,03/20/11,2011,1,3,13,2011,4,12,1
7272,03/21/11,2011,1,3,13,2011,4,12,1
7273,03/22/11,2011,1,3,13,2011,4,12,1
7274,03/23/11,2011,1,3,13,2011,4,12,1
7275,03/24/11,2011,1,3,13,2011,4,12,1
7276,03/25/11,2011,1,3,13,2011,4,12,1
7277,03/26/11,2011,1,3,13,2011,4,12,1
7278,03/28/11,2011,1,3,14,2011,4,12,2
7279,03/29/11,2011,1,3,14,2011,4,12,2
7280,03/30/11,2011,1,3,14,2011,4,12,2
7281,03/31/11,2011,1,3,14,2011,4,12,2
7282,04/01/11,2011,2,4,14,2011,1,1,2
7283,04/02/11,2011,2,4,14,2011,1,1,2
7284,04/03/11,2011,2,4,15,2011,1,1,3
7285,04/04/11,2011,2,4,15,2011,1,1,3
7286,04/05/11,2011,2,4,15,2011,1,1,3
7287,04/06/11,2011,2,4,15,2011,1,1,3
7288,04/07/11,2011,2,4,15,2011,1,1,3
7289,04/08/11,2011,2,4,15,2011,1,1,3
7290,04/09/11,2011,2,4,15,2011,1,1,3
7291,04/10/11,2011,2,4,16,2011,1,1,4
7292,04/11/11,2011,2,4,16,2011,1,1,4
7293,04/12/11,2011,2,4,16,2011,1,1,4
7294,04/13/11,2011,2,4,16,2011,1,1,4
7295,04/14/11,2011,2,4,16,2011,1,1,4
7296,04/15/11,2011,2,4,16,2011,1,1,4
7297,04/16/11,2011,2,4,16,2011,1,1,4
7298,04/17/11,2011,2,4,17,2011,1,1,5
7299,04/18/11,2011,2,4,17,2011,1,1,5
7300,04/19/11,2011,2,4,17,2011,1,1,5
7301,04/20/11,2011,2,4,17,2011,1,1,5
7302,04/21/11,2011,2,4,17,2011,1,1,5
7303,04/22/11,2011,2,4,17,2011,1,1,5
7304,04/23/11,2011,2,4,17,2011,1,1,5
7305,04/24/11,2011,2,4,18,2011,1,1,6
7306,04/25/11,2011,2,4,18,2011,1,1,6
7307,04/26/11,2011,2,4,18,2011,1,1,6
7308,04/27/11,2011,2,4,18,2011,1,1,6
7309,04/28/11,2011,2,4,18,2011,1,1,6
7310,04/29/11,2011,2,4,18,2011,1,1,6
7311,04/30/11,2011,2,4,18,2011,1,1,6
7312,05/01/11,2011,2,5,19,2011,1,2,7
7313,05/02/11,2011,2,5,19,2011,1,2,7
7314,05/03/11,2011,2,5,19,2011,1,2,7
7315,05/04/11,2011,2,5,19,2011,1,2,7
7316,05/05/11,2011,2,5,19,2011,1,2,7
7317,05/06/11,2011,2,5,19,2011,1,2,7
7318,05/07/11,2011,2,5,19,2011,1,2,7
7319,05/08/11,2011,2,5,20,2011,1,2,8
7320,05/09/11,2011,2,5,20,2011,1,2,8
7321,05/10/11,2011,2,5,20,2011,1,2,8
7322,05/11/11,2011,2,5,20,2011,1,2,8
7323,05/12/11,2011,2,5,20,2011,1,2,8
7324,05/13/11,2011,2,5,20,2011,1,2,8
7325,05/14/11,2011,2,5,20,2011,1,2,8
7326,05/15/11,2011,2,5,21,2011,1,2,9
7327,05/16/11,2011,2,5,21,2011,1,2,9
7328,05/17/11,2011,2,5,21,2011,1,2,9
7329,05/18/11,2011,2,5,21,2011,1,2,9
7330,05/19/11,2011,2,5,21,2011,1,2,9
7331,05/20/11,2011,2,5,21,2011,1,2,9
7332,05/21/11,2011,2,5,21,2011,1,2,9
7333,05/22/11,2011,2,5,22,2011,1,2,10
7334,05/23/11,2011,2,5,22,2011,1,2,10
7335,05/24/11,2011,2,5,22,2011,1,2,10
7336,05/25/11,2011,2,5,22,2011,1,2,10
7337,05/26/11,2011,2,5,22,2011,1,2,10
7338,05/27/11,2011,2,5,22,2011,1,2,10
7339,05/28/11,2011,2,5,22,2011,1,2,10
7340,05/29/11,2011,2,5,23,2011,1,2,11
7341,05/30/11,2011,2,5,23,2011,1,2,11
7342,05/31/11,2011,2,5,23,2011,1,2,11
7343,06/01/11,2011,2,6,23,2011,1,3,11
7344,06/02/11,2011,2,6,23,2011,1,3,11
7345,06/03/11,2011,2,6,23,2011,1,3,11
7346,06/04/11,2011,2,6,23,2011,1,3,11
7347,06/05/11,2011,2,6,24,2011,1,3,12
7348,06/06/11,2011,2,6,24,2011,1,3,12
7349,06/07/11,2011,2,6,24,2011,1,3,12
7350,06/08/11,2011,2,6,24,2011,1,3,12
7351,06/09/11,2011,2,6,24,2011,1,3,12
7352,06/10/11,2011,2,6,24,2011,1,3,12
7353,06/11/11,2011,2,6,24,2011,1,3,12
7354,06/12/11,2011,2,6,25,2011,1,3,13
7355,06/13/11,2011,2,6,25,2011,1,3,13
7356,06/14/11,2011,2,6,25,2011,1,3,13
7357,06/15/11,2011,2,6,25,2011,1,3,13
7358,06/16/11,2011,2,6,25,2011,1,3,13
7359,06/17/11,2011,2,6,25,2011,1,3,13
7360,06/18/11,2011,2,6,25,2011,1,3,13
7361,06/19/11,2011,2,6,26,2011,1,3,14
7362,06/20/11,2011,2,6,26,2011,1,3,14
7363,06/21/11,2011,2,6,26,2011,1,3,14
7364,06/22/11,2011,2,6,26,2011,1,3,14
7365,06/23/11,2011,2,6,26,2011,1,3,14
7366,06/24/11,2011,2,6,26,2011,1,3,14
7367,06/25/11,2011,2,6,26,2011,1,3,14
7368,06/26/11,2011,2,6,27,2011,1,3,15
7369,06/27/11,2011,2,6,27,2011,1,3,15
7370,06/28/11,2011,2,6,27,2011,1,3,15
7371,06/29/11,2011,2,6,27,2011,1,3,15
7372,06/30/11,2011,2,6,27,2011,1,3,15
7373,07/01/11,2011,3,7,27,2011,2,4,15
7374,07/02/11,2011,3,7,27,2011,2,4,15
7375,07/03/11,2011,3,7,28,2011,2,4,16
7376,07/04/11,2011,3,7,28,2011,2,4,16
7377,07/05/11,2011,3,7,28,2011,2,4,16
7378,07/06/11,2011,3,7,28,2011,2,4,16
7379,07/07/11,2011,3,7,28,2011,2,4,16
7380,07/08/11,2011,3,7,28,2011,2,4,16
7381,07/09/11,2011,3,7,28,2011,2,4,16
7382,07/10/11,2011,3,7,29,2011,2,4,17
7383,07/11/11,2011,3,7,29,2011,2,4,17
7384,07/12/11,2011,3,7,29,2011,2,4,17
7385,07/13/11,2011,3,7,29,2011,2,4,17
7386,07/14/11,2011,3,7,29,2011,2,4,17
7387,07/15/11,2011,3,7,29,2011,2,4,17
7388,07/16/11,2011,3,7,29,2011,2,4,17
7389,07/17/11,2011,3,7,30,2011,2,4,18
7390,07/18/11,2011,3,7,30,2011,2,4,18
7391,07/19/11,2011,3,7,30,2011,2,4,18
7392,07/20/11,2011,3,7,30,2011,2,4,18
7393,07/21/11,2011,3,7,30,2011,2,4,18
7394,07/22/11,2011,3,7,30,2011,2,4,18
7395,07/23/11,2011,3,7,30,2011,2,4,18
7396,07/24/11,2011,3,7,31,2011,2,4,19
7397,07/25/11,2011,3,7,31,2011,2,4,19
7398,07/26/11,2011,3,7,31,2011,2,4,19
7399,07/27/11,2011,3,7,31,2011,2,4,19
7400,07/28/11,2011,3,7,31,2011,2,4,19
7401,07/29/11,2011,3,7,31,2011,2,4,19
7402,07/30/11,2011,3,7,31,2011,2,4,19
7403,07/31/11,2011,3,7,32,2011,2,4,20
7404,08/01/11,2011,3,8,32,2011,2,5,20
7405,08/02/11,2011,3,8,32,2011,2,5,20
7406,08/03/11,2011,3,8,32,2011,2,5,20
7407,08/04/11,2011,3,8,32,2011,2,5,20
7408,08/05/11,2011,3,8,32,2011,2,5,20
7409,08/06/11,2011,3,8,32,2011,2,5,20
7410,08/07/11,2011,3,8,33,2011,2,5,21
7411,08/08/11,2011,3,8,33,2011,2,5,21
7412,08/09/11,2011,3,8,33,2011,2,5,21
7413,08/10/11,2011,3,8,33,2011,2,5,21
7414,08/11/11,2011,3,8,33,2011,2,5,21
7415,08/12/11,2011,3,8,33,2011,2,5,21
7416,08/13/11,2011,3,8,33,2011,2,5,21
7417,08/14/11,2011,3,8,34,2011,2,5,22
7418,08/15/11,2011,3,8,34,2011,2,5,22
7419,08/16/11,2011,3,8,34,2011,2,5,22
7420,08/17/11,2011,3,8,34,2011,2,5,22
7421,08/18/11,2011,3,8,34,2011,2,5,22
7422,08/19/11,2011,3,8,34,2011,2,5,22
7423,08/20/11,2011,3,8,34,2011,2,5,22
7424,08/21/11,2011,3,8,35,2011,2,5,23
7425,08/22/11,2011,3,8,35,2011,2,5,23
7426,08/23/11,2011,3,8,35,2011,2,5,23
7427,08/24/11,2011,3,8,35,2011,2,5,23
7428,08/25/11,2011,3,8,35,2011,2,5,23
7429,08/26/11,2011,3,8,35,2011,2,5,23
7430,08/27/11,2011,3,8,35,2011,2,5,23
7431,08/28/11,2011,3,8,36,2011,2,5,24
7432,08/29/11,2011,3,8,36,2011,2,5,24
7433,08/30/11,2011,3,8,36,2011,2,5,24
7434,08/31/11,2011,3,8,36,2011,2,5,24
7435,09/01/11,2011,3,9,36,2011,2,6,24
7436,09/02/11,2011,3,9,36,2011,2,6,24
7437,09/03/11,2011,3,9,36,2011,2,6,24
7438,09/04/11,2011,3,9,37,2011,2,6,25
7439,09/05/11,2011,3,9,37,2011,2,6,25
7440,09/06/11,2011,3,9,37,2011,2,6,25
7441,09/07/11,2011,3,9,37,2011,2,6,25
7442,09/08/11,2011,3,9,37,2011,2,6,25
7443,09/09/11,2011,3,9,37,2011,2,6,25
7444,09/10/11,2011,3,9,37,2011,2,6,25
7445,09/11/11,2011,3,9,38,2011,2,6,26
7446,09/12/11,2011,3,9,38,2011,2,6,26
7447,09/13/11,2011,3,9,38,2011,2,6,26
7448,09/14/11,2011,3,9,38,2011,2,6,26
7449,09/15/11,2011,3,9,38,2011,2,6,26
7450,09/16/11,2011,3,9,38,2011,2,6,26
7451,09/17/11,2011,3,9,38,2011,2,6,26
7452,09/18/11,2011,3,9,39,2011,2,6,27
7453,09/19/11,2011,3,9,39,2011,2,6,27
7454,09/20/11,2011,3,9,39,2011,2,6,27
7455,09/21/11,2011,3,9,39,2011,2,6,27
7456,09/22/11,2011,3,9,39,2011,2,6,27
7457,09/23/11,2011,3,9,39,2011,2,6,27
7458,09/24/11,2011,3,9,39,2011,2,6,27
7459,09/25/11,2011,3,9,40,2011,2,6,28
7460,09/26/11,2011,3,9,40,2011,2,6,28
7461,09/27/11,2011,3,9,40,2011,2,6,28
7462,09/28/11,2011,3,9,40,2011,2,6,28
7463,09/29/11,2011,3,9,40,2011,2,6,28
7464,09/30/11,2011,3,9,40,2011,2,6,28
7465,10/01/11,2011,4,10,40,2011,3,7,28
7466,10/02/11,2011,4,10,41,2011,3,7,29
7467,10/03/11,2011,4,10,41,2011,3,7,29
7468,10/04/11,2011,4,10,41,2011,3,7,29
7469,10/05/11,2011,4,10,41,2011,3,7,29
7470,10/06/11,2011,4,10,41,2011,3,7,29
7471,10/07/11,2011,4,10,41,2011,3,7,29
7472,10/08/11,2011,4,10,41,2011,3,7,29
7473,10/09/11,2011,4,10,42,2011,3,7,30
7474,10/10/11,2011,4,10,42,2011,3,7,30
7475,10/11/11,2011,4,10,42,2011,3,7,30
7476,10/12/11,2011,4,10,42,2011,3,7,30
7477,10/13/11,2011,4,10,42,2011,3,7,30
7478,10/14/11,2011,4,10,42,2011,3,7,30
7479,10/15/11,2011,4,10,42,2011,3,7,30
7480,10/16/11,2011,4,10,43,2011,3,7,31
7481,10/17/11,2011,4,10,43,2011,3,7,31
7482,10/18/11,2011,4,10,43,2011,3,7,31
7483,10/19/11,2011,4,10,43,2011,3,7,31
7484,10/20/11,2011,4,10,43,2011,3,7,31
7485,10/21/11,2011,4,10,43,2011,3,7,31
7486,10/22/11,2011,4,10,43,2011,3,7,31
7487,10/23/11,2011,4,10,44,2011,3,7,32
7488,10/24/11,2011,4,10,44,2011,3,7,32
7489,10/25/11,2011,4,10,44,2011,3,7,32
7490,10/26/11,2011,4,10,44,2011,3,7,32
7491,10/27/11,2011,4,10,44,2011,3,7,32
7492,10/28/11,2011,4,10,44,2011,3,7,32
7493,10/29/11,2011,4,10,44,2011,3,7,32
7494,10/30/11,2011,4,10,45,2011,3,7,33
7495,10/31/11,2011,4,10,45,2011,3,7,33
